Customer_ID	First_Name	Last_Name	Email	Phone	City	State	Country	Signup_Date	Status
abc	Neha	Smith	neha101gmail.com	9783124443	Chennai	TN	India	4/23/2024	Inactive
102	Neha	Singh	neha102@gmail.com	9614415093	Chennai	TN	India	7/27/2024	Inactive
103	Neha	Gupta	neha103@gmail.com	9860350686	Patna	Bihar	India	1/1/2024	Active
104	Amit	Gupta	amit104@gmail.com	9562612260	Delhi	DL	India	6/13/2024	Inactive
105	John	Gupta	john105@gmail.com	9587110651	Chennai	TN	India	1/27/2024	Inactive
106	Pooja	Mehta	pooja106@gmail.com	9958799100	Chennai	TN	India	2/13/2024	Inactive
107	Ankit	Verma	ankit107@gmail.com	9672753353	Bangalore	KA	India	9/11/2024	Inactive
108	Munna	Patel	munna108@gmail.com	9139742952	Patna	Bihar	India	11/28/2024	Active
109	Rahul	Sharma	rahul109@gmail.com	9298669875	Chennai	TN	India	10/17/2024	Active
110	Ankit	Singh	ankit110@gmail.com	9378771076	Hyderabad	TS	India	3/11/2024	Inactive
111	Rahul	Kumar	rahul111@gmail.com	9556783073	Delhi	DL	India	12/17/2024	Inactive
112	Neha	Patel	neha112@gmail.com	9325875736	Bangalore	KA	India	2/24/2024	Active
113	Karan	Verma	karan113@gmail.com	9861167068	Chennai	TN	India	2/13/2024	Active
114	Munna	Kumar	munna114@gmail.com	9023422280	Chennai	TN	India	7/8/2024	Active
115	Ravi	Singh	ravi115@gmail.com	9220647238	Delhi	DL	India	5/30/2024	Active
116	Ravi	Verma	ravi116@gmail.com	9805061174	Chennai	TN	India	10/15/2024	Active
117	Pooja	Verma	pooja117@gmail.com	9915194326	Chennai	TN	India	10/18/2024	Active
118	Karan	Verma	karan118@gmail.com	9712694062	Delhi	DL	India	6/2/2024	Inactive
119	Pooja	Kumar	pooja119@gmail.com	9517187874	Hyderabad	TS	India	6/1/2024	Active
120	John	Mehta	john120@gmail.com	9914833209	Chennai	TN	India	10/4/2024	Active
121	Ankit	Smith	ankit121@gmail.com	9862366427	Delhi	DL	India	9/27/2024	Active
122	Munna	Smith	munna122@gmail.com	9753403348	Hyderabad	TS	India	2/26/2024	Inactive
123	Priya	Smith	priya123@gmail.com	9075738440	Patna	Bihar	India	10/7/2024	Active
124	John	Mehta	john124@gmail.com	9576611419	Hyderabad	TS	India	3/11/2024	Inactive
125	Ankit	Singh	ankit125@gmail.com	9566387410	Chennai	TN	India	2/23/2024	Inactive
126	Karan	Verma	karan126@gmail.com	9614231628	Bangalore	KA	India	3/10/2024	Active
127	John	Patel	john127@gmail.com	9458751252	Mumbai	MH	India	1/17/2024	Inactive
128	Karan	Smith	karan128@gmail.com	9874996288	Bangalore	KA	India	10/6/2024	Inactive
129	Rahul	Gupta	rahul129@gmail.com	9382282561	Hyderabad	TS	India	2/7/2024	Inactive
130	Ravi	Patel	ravi130@gmail.com	9824042276	Patna	Bihar	India	11/20/2024	Active
131	Priya	Kumar	priya131@gmail.com	9186581401	Bangalore	KA	India	3/9/2024	Active
132	Karan	Singh	karan132@gmail.com	9534237348	Patna	Bihar	India	1/12/2024	Active
133	John	Patel	john133@gmail.com	9142724430	Patna	Bihar	India	3/7/2024	Active
134	Ankit	Verma	ankit134@gmail.com	9545026298	Hyderabad	TS	India	8/2/2024	Active
135	Ankit	Sharma	ankit135@gmail.com	9852766205	Mumbai	MH	India	5/14/2024	Active
136	Karan	Patel	karan136@gmail.com	9574757209	Mumbai	MH	India	9/16/2024	Active
137	Ankit	Mehta	ankit137@gmail.com	9583610272	Bangalore	KA	India	7/10/2024	Active
138	Rahul	Sharma	rahul138@gmail.com	9332945493	Patna	Bihar	India	1/31/2024	Inactive
139	Ankit	Gupta	ankit139@gmail.com	9976832068	Bangalore	KA	India	9/8/2024	Active
140	Ravi	Patel	ravi140@gmail.com	9386105595	Bangalore	KA	India	9/26/2024	Active
141	Ravi	Sharma	ravi141@gmail.com	9306724263	Patna	Bihar	India	1/3/2024	Active
142	Ankit	Smith	ankit142@gmail.com	9473344515	Bangalore	KA	India	10/26/2024	Inactive
143	Pooja	Singh	pooja143@gmail.com	9026092230	Chennai	TN	India	3/21/2024	Active
144	Ankit	Patel	ankit144@gmail.com	9891804227	Bangalore	KA	India	1/9/2024	Inactive
145	Neha	Patel	neha145@gmail.com	9669330642	Delhi	DL	India	9/12/2024	Inactive
146	Ravi	Verma	ravi146@gmail.com	9241636241	Delhi	DL	India	8/4/2024	Active
147	Munna	Smith	munna147@gmail.com	9733426891	Patna	Bihar	India	11/4/2024	Inactive
148	Rahul	Singh	rahul148@gmail.com	9738096405	Patna	Bihar	India	2/23/2024	Active
149	Ravi	Gupta	ravi149@gmail.com	9720009870	Bangalore	KA	India	9/9/2024	Inactive
150	Ankit	Patel	ankit150@gmail.com	9904155750	Patna	Bihar	India	8/19/2024	Active
151	Munna	Kumar	munna151@gmail.com	9803649837	Bangalore	KA	India	2/9/2024	Inactive
152	Pooja	Patel	pooja152@gmail.com	9336415633	Delhi	DL	India	8/15/2024	Active
153	Neha	Verma	neha153@gmail.com	9815725382	Mumbai	MH	India	7/19/2024	Active
154	Amit	Kumar	amit154@gmail.com	9148780272	Bangalore	KA	India	9/1/2024	Inactive
155	Ankit	Smith	ankit155@gmail.com	9218013584	Delhi	DL	India	4/9/2024	Inactive
156	Amit	Patel	amit156@gmail.com	9358090697	Delhi	DL	India	1/11/2024	Inactive
157	John	Sharma	john157@gmail.com	9104411689	Delhi	DL	India	12/2/2024	Inactive
158	Ankit	Sharma	ankit158@gmail.com	9701128874	Chennai	TN	India	2/7/2024	Active
159	Karan	Singh	karan159@gmail.com	9395464478	Mumbai	MH	India	7/30/2024	Inactive
160	Ankit	Sharma	ankit160@gmail.com	9253296413	Patna	Bihar	India	7/16/2024	Inactive
161	Karan	Singh	karan161@gmail.com	9370289199	Mumbai	MH	India	1/7/2024	Active
162	Priya	Kumar	priya162@gmail.com	9479259651	Chennai	TN	India	9/8/2024	Inactive
163	Neha	Singh	neha163@gmail.com	9583426446	Mumbai	MH	India	12/22/2024	Inactive
164	John	Mehta	john164@gmail.com	9877461159	Hyderabad	TS	India	10/8/2024	Active
165	Ankit	Gupta	ankit165@gmail.com	9344544487	Patna	Bihar	India	12/4/2024	Active
166	Ravi	Sharma	ravi166@gmail.com	9879851731	Hyderabad	TS	India	3/14/2024	Inactive
167	Rahul	Patel	rahul167@gmail.com	9925516638	Bangalore	KA	India	3/8/2024	Active
168	Munna	Mehta	munna168@gmail.com	9366605950	Mumbai	MH	India	12/4/2024	Active
169	Karan	Gupta	karan169@gmail.com	9741220951	Patna	Bihar	India	12/6/2024	Active
170	Amit	Smith	amit170@gmail.com	9917362055	Bangalore	KA	India	7/13/2024	Inactive
171	John	Sharma	john171@gmail.com	9617421317	Mumbai	MH	India	5/11/2024	Inactive
172	John	Kumar	john172@gmail.com	9551058735	Delhi	DL	India	9/9/2024	Active
173	Priya	Sharma	priya173@gmail.com	9891762494	Patna	Bihar	India	4/1/2024	Inactive
174	Munna	Kumar	munna174@gmail.com	9233129628	Bangalore	KA	India	2/16/2024	Active
175	Ankit	Sharma	ankit175@gmail.com	9306246083	Delhi	DL	India	2/6/2024	Inactive
176	Munna	Smith	munna176@gmail.com	9851354513	Bangalore	KA	India	12/12/2024	Inactive
177	Priya	Gupta	priya177@gmail.com	9175919711	Hyderabad	TS	India	2/6/2024	Active
178	Ankit	Smith	ankit178@gmail.com	9955008456	Delhi	DL	India	9/15/2024	Inactive
179	Neha	Mehta	neha179@gmail.com	9046582289	Bangalore	KA	India	6/15/2024	Inactive
180	Karan	Gupta	karan180@gmail.com	9724002462	Delhi	DL	India	5/12/2024	Inactive
181	Priya	Patel	priya181@gmail.com	9168485062	Bangalore	KA	India	7/31/2024	Active
182	Karan	Singh	karan182@gmail.com	9027182696	Chennai	TN	India	2/22/2024	Active
183	Rahul	Sharma	rahul183@gmail.com	9229338778	Hyderabad	TS	India	7/15/2024	Active
184	Karan	Sharma	karan184@gmail.com	9317795770	Delhi	DL	India	8/11/2024	Active
185	Karan	Sharma	karan185@gmail.com	9445414302	Bangalore	KA	India	1/30/2024	Inactive
186	Priya	Patel	priya186@gmail.com	9129640760	Hyderabad	TS	India	5/18/2024	Active
187	Munna	Smith	munna187@gmail.com	9922134677	Patna	Bihar	India	7/22/2024	Inactive
188	Munna	Patel	munna188@gmail.com	9334484947	Chennai	TN	India	8/9/2024	Active
189	Priya	Sharma	priya189@gmail.com	9280997375	Hyderabad	TS	India	8/9/2024	Active
190	Priya	Singh	priya190@gmail.com	9016007191	Patna	Bihar	India	10/7/2024	Active
191	Priya	Singh	priya191@gmail.com	9509655327	Mumbai	MH	India	5/11/2024	Inactive
192	Rahul	Sharma	rahul192@gmail.com	9107628161	Patna	Bihar	India	12/24/2024	Active
193	Pooja	Gupta	pooja193@gmail.com	9218672205	Hyderabad	TS	India	7/17/2024	Active
194	Priya	Sharma	priya194@gmail.com	9128168725	Bangalore	KA	India	9/1/2024	Active
195	Munna	Mehta	munna195@gmail.com	9143460215	Patna	Bihar	India	5/12/2024	Inactive
196	Munna	Gupta	munna196@gmail.com	9000417708	Delhi	DL	India	7/7/2024	Active
197	Neha	Sharma	neha197@gmail.com	9136371093	Mumbai	MH	India	5/16/2024	Active
198	Priya	Smith	priya198@gmail.com	9908364369	Chennai	TN	India	11/24/2024	Inactive
199	John	Smith	john199@gmail.com	9152658212	Patna	Bihar	India	3/15/2024	Inactive
200	Pooja	Singh	pooja200@gmail.com	9994627450	Hyderabad	TS	India	8/1/2024	Active
201	Pooja	Mehta	pooja201@gmail.com	9596211301	Mumbai	MH	India	1/3/2024	Inactive
202	Karan	Patel	karan202@gmail.com	9214333839	Hyderabad	TS	India	8/22/2024	Active
203	Neha	Smith	neha203@gmail.com	9883805471	Chennai	TN	India	12/26/2024	Active
204	Pooja	Singh	pooja204@gmail.com	9533293637	Hyderabad	TS	India	10/26/2024	Inactive
205	Pooja	Smith	pooja205@gmail.com	9425259504	Hyderabad	TS	India	5/31/2024	Inactive
206	Rahul	Kumar	rahul206@gmail.com	9253403590	Patna	Bihar	India	10/9/2024	Active
207	Ankit	Mehta	ankit207@gmail.com	9374518898	Delhi	DL	India	3/7/2024	Inactive
208	Munna	Patel	munna208@gmail.com	9145659543	Patna	Bihar	India	10/2/2024	Active
209	John	Mehta	john209@gmail.com	9162374458	Bangalore	KA	India	1/18/2024	Inactive
210	Priya	Patel	priya210@gmail.com	9307228822	Bangalore	KA	India	10/15/2024	Active
211	Pooja	Patel	pooja211@gmail.com	9423033997	Delhi	DL	India	8/12/2024	Inactive
212	Rahul	Smith	rahul212@gmail.com	9351297040	Bangalore	KA	India	7/27/2024	Inactive
213	John	Gupta	john213@gmail.com	9414354465	Mumbai	MH	India	9/26/2024	Active
214	Amit	Mehta	amit214@gmail.com	9176298493	Mumbai	MH	India	3/24/2024	Active
215	Rahul	Singh	rahul215@gmail.com	9760807604	Bangalore	KA	India	10/7/2024	Inactive
216	Amit	Mehta	amit216@gmail.com	9274137394	Chennai	TN	India	9/28/2024	Inactive
217	Amit	Sharma	amit217@gmail.com	9657737101	Mumbai	MH	India	4/4/2024	Inactive
218	Neha	Kumar	neha218@gmail.com	9680057189	Mumbai	MH	India	7/3/2024	Inactive
219	Amit	Kumar	amit219@gmail.com	9277891773	Hyderabad	TS	India	9/24/2024	Inactive
220	Ankit	Smith	ankit220@gmail.com	9422307870	Bangalore	KA	India	10/3/2024	Active
221	Munna	Gupta	munna221@gmail.com	9638290156	Bangalore	KA	India	5/5/2024	Active
222	Rahul	Patel	rahul222@gmail.com	9604398753	Bangalore	KA	India	9/26/2024	Active
223	Munna	Patel	munna223@gmail.com	9021050141	Hyderabad	TS	India	10/13/2024	Inactive
224	John	Gupta	john224@gmail.com	9440882781	Mumbai	MH	India	5/20/2024	Active
225	Amit	Smith	amit225@gmail.com	9920075556	Bangalore	KA	India	1/31/2024	Active
226	Ravi	Kumar	ravi226@gmail.com	9648061004	Bangalore	KA	India	7/5/2024	Active
227	Neha	Sharma	neha227@gmail.com	9005574184	Delhi	DL	India	12/8/2024	Active
228	Pooja	Mehta	pooja228@gmail.com	9601369922	Chennai	TN	India	3/3/2024	Active
229	Pooja	Kumar	pooja229@gmail.com	9503636357	Delhi	DL	India	9/26/2024	Active
230	Amit	Smith	amit230@gmail.com	9442314359	Patna	Bihar	India	3/31/2024	Active
231	Karan	Kumar	karan231@gmail.com	9174974655	Chennai	TN	India	8/2/2024	Inactive
232	Munna	Mehta	munna232@gmail.com	9747467940	Patna	Bihar	India	8/10/2024	Active
233	Ankit	Verma	ankit233@gmail.com	9535764397	Chennai	TN	India	5/24/2024	Active
234	Munna	Mehta	munna234@gmail.com	9214814743	Bangalore	KA	India	6/21/2024	Inactive
235	Pooja	Kumar	pooja235@gmail.com	9017726450	Chennai	TN	India	10/19/2024	Active
236	Priya	Patel	priya236@gmail.com	9652869555	Chennai	TN	India	8/24/2024	Active
237	Rahul	Singh	rahul237@gmail.com	9333404435	Hyderabad	TS	India	6/24/2024	Active
238	Munna	Sharma	munna238@gmail.com	9967156588	Hyderabad	TS	India	6/11/2024	Inactive
239	Karan	Singh	karan239@gmail.com	9960504506	Mumbai	MH	India	5/23/2024	Active
240	Karan	Kumar	karan240@gmail.com	9547252828	Patna	Bihar	India	6/26/2024	Inactive
241	Pooja	Kumar	pooja241@gmail.com	9030544407	Bangalore	KA	India	10/19/2024	Inactive
242	Karan	Kumar	karan242@gmail.com	9904572933	Chennai	TN	India	8/7/2024	Active
243	Neha	Singh	neha243@gmail.com	9958587810	Patna	Bihar	India	9/18/2024	Inactive
244	Pooja	Smith	pooja244@gmail.com	9778104316	Chennai	TN	India	1/14/2024	Active
245	Karan	Mehta	karan245@gmail.com	9532911205	Hyderabad	TS	India	2/26/2024	Active
246	Pooja	Gupta	pooja246@gmail.com	9288844898	Hyderabad	TS	India	11/30/2024	Active
247	John	Gupta	john247@gmail.com	9550560498	Patna	Bihar	India	6/23/2024	Inactive
248	Ankit	Singh	ankit248@gmail.com	9945332163	Hyderabad	TS	India	5/2/2024	Active
249	Neha	Gupta	neha249@gmail.com	9987080778	Chennai	TN	India	7/30/2024	Inactive
250	Amit	Verma	amit250@gmail.com	9589714346	Hyderabad	TS	India	3/29/2024	Active
abc	Karan	Sharma	karan251@gmail.com	9929810974	Hyderabad	TS	India	11/11/2024	Inactive
252	Neha	Singh	neha252@gmail.com	9996384964	Delhi	DL	India	3/9/2024	Inactive
253	Pooja	Gupta	pooja253@gmail.com	9869664123	Hyderabad	TS	India	3/9/2024	Inactive
254	Ravi	Verma	ravi254@gmail.com	9737841426	Patna	Bihar	India	6/8/2024	Inactive
255	Rahul	Patel	rahul255@gmail.com	9012415393	Mumbai	MH	India	10/2/2024	Inactive
256	Pooja	Kumar	pooja256@gmail.com	9119777061	Patna	Bihar	India	7/13/2024	Active
257	Neha	Verma	neha257@gmail.com	9318615179	Hyderabad	TS	India	11/21/2024	Active
258	Rahul	Sharma	rahul258@gmail.com	9975574712	Mumbai	MH	India	2/22/2024	Inactive
259	Ankit	Mehta	ankit259@gmail.com	9001016595	Mumbai	MH	India	11/21/2024	Active
260	Munna	Mehta	munna260@gmail.com	9531489160	Delhi	DL	India	4/4/2024	Inactive
261	Pooja	Mehta	pooja261@gmail.com	9965301102	Mumbai	MH	India	7/25/2024	Active
262	Ravi	Kumar	ravi262@gmail.com	9037159931	Hyderabad	TS	India	7/18/2024	Active
263	Pooja	Kumar	pooja263@gmail.com	9041115165	Mumbai	MH	India	10/8/2024	Inactive
264	Amit	Patel	amit264@gmail.com	9189961392	Hyderabad	TS	India	12/10/2024	Active
265	Ankit	Patel	ankit265@gmail.com	9716006105	Mumbai	MH	India	11/17/2024	Inactive
266	Karan	Kumar	karan266@gmail.com	9947717736	Bangalore	KA	India	6/15/2024	Active
267	Ravi	Patel	ravi267@gmail.com	9295367359	Hyderabad	TS	India	8/4/2024	Inactive
268	Munna	Kumar	munna268@gmail.com	9228394815	Delhi	DL	India	3/3/2024	Inactive
269	Priya	Patel	priya269@gmail.com	9188861800	Delhi	DL	India	11/29/2024	Active
270	Amit	Smith	amit270@gmail.com	9876693318	Delhi	DL	India	9/16/2024	Inactive
271	Rahul	Verma	rahul271@gmail.com	9243676553	Hyderabad	TS	India	3/12/2024	Inactive
272	Karan	Singh	karan272@gmail.com	9058736143	Patna	Bihar	India	8/13/2024	Inactive
273	Rahul	Smith	rahul273@gmail.com	9473101985	Hyderabad	TS	India	12/10/2024	Inactive
274	Karan	Mehta	karan274@gmail.com	9231054349	Delhi	DL	India	3/8/2024	Active
275	Pooja	Verma	pooja275@gmail.com	9952645748	Bangalore	KA	India	12/23/2024	Inactive
276	Karan	Kumar	karan276@gmail.com	9264774569	Bangalore	KA	India	10/7/2024	Active
277	Ravi	Smith	ravi277@gmail.com	9726651230	Bangalore	KA	India	2/15/2024	Active
278	Ankit	Gupta	ankit278@gmail.com	9835517532	Delhi	DL	India	11/11/2024	Active
279	Rahul	Verma	rahul279@gmail.com	9746469994	Patna	Bihar	India	9/22/2024	Inactive
280	Amit	Smith	amit280@gmail.com	9615812521	Hyderabad	TS	India	11/12/2024	Inactive
281	Amit	Smith	amit281@gmail.com	9143662994	Bangalore	KA	India	11/7/2024	Active
282	Munna	Mehta	munna282@gmail.com	9479311081	Delhi	DL	India	9/3/2024	Inactive
283	Munna	Kumar	munna283@gmail.com	9254506091	Delhi	DL	India	12/23/2024	Active
284	Pooja	Mehta	pooja284@gmail.com	9250828074	Hyderabad	TS	India	10/11/2024	Active
285	Amit	Verma	amit285@gmail.com	9483004880	Hyderabad	TS	India	6/14/2024	Active
286	Ravi	Kumar	ravi286@gmail.com	9560808052	Chennai	TN	India	5/25/2024	Inactive
287	Munna	Gupta	munna287@gmail.com	9254515182	Hyderabad	TS	India	2/23/2024	Inactive
288	Karan	Kumar	karan288@gmail.com	9834925999	Hyderabad	TS	India	6/29/2024	Active
289	Amit	Kumar	amit289@gmail.com	9971587358	Patna	Bihar	India	3/6/2024	Inactive
290	Neha	Gupta	neha290@gmail.com	9148617664	Mumbai	MH	India	6/30/2024	Inactive
291	Ankit	Gupta	ankit291@gmail.com	9797940194	Delhi	DL	India	7/17/2024	Active
292	John	Sharma	john292@gmail.com	9438111965	Hyderabad	TS	India	6/3/2024	Active
293	John	Smith	john293@gmail.com	9159679741	Delhi	DL	India	4/11/2024	Inactive
294	Ankit	Kumar	ankit294@gmail.com	9116476493	Mumbai	MH	India	12/7/2024	Inactive
295	Ankit	Patel	ankit295@gmail.com	9306496716	Bangalore	KA	India	4/18/2024	Inactive
296	Ankit	Patel	ankit296@gmail.com	9097916045	Bangalore	KA	India	12/13/2024	Inactive
297	Neha	Kumar	neha297@gmail.com	9651668998	Chennai	TN	India	2/15/2024	Inactive
298	Munna	Mehta	munna298@gmail.com	9786478611	Mumbai	MH	India	3/14/2024	Active
299	Munna	Smith	munna299@gmail.com	9482355782	Mumbai	MH	India	2/5/2024	Active
300	Neha	Verma	neha300@gmail.com	9203966898	Chennai	TN	India	9/11/2024	Active
301	Priya	Sharma	priya301gmail.com	9486545398	Chennai	TN	India	4/4/2024	Inactive
302	Munna	Smith	munna302@gmail.com	9296412025	Mumbai	MH	India	2/17/2024	Active
303	Rahul	Mehta	rahul303@gmail.com	9822386766	Bangalore	KA	India	2/4/2024	Inactive
304	Amit	Patel	amit304@gmail.com	9780487188	Patna	Bihar	India	3/23/2024	Active
305	Pooja	Gupta	pooja305@gmail.com	9015736743	Patna	Bihar	India	2/16/2024	Active
306	Priya	Patel	priya306@gmail.com	9369861952	Bangalore	KA	India	1/19/2024	Active
307	Munna	Gupta	munna307@gmail.com	9809616683	Delhi	DL	India	3/27/2024	Inactive
308	Munna	Smith	munna308@gmail.com	9161231105	Bangalore	KA	India	6/8/2024	Active
309	Rahul	Singh	rahul309@gmail.com	9384431597	Hyderabad	TS	India	2/23/2024	Inactive
310	Neha	Smith	neha310@gmail.com	9871806204	Hyderabad	TS	India	7/1/2024	Active
311	Pooja	Verma	pooja311@gmail.com	9045236179	Mumbai	MH	India	12/14/2024	Inactive
312	Ankit	Smith	ankit312@gmail.com	9466674830	Patna	Bihar	India	1/11/2024	Inactive
313	John	Sharma	john313@gmail.com	9426770538	Delhi	DL	India	4/11/2024	Inactive
314	Munna	Smith	munna314@gmail.com	9185003080	Mumbai	MH	India	4/18/2024	Active
315	Ravi	Patel	ravi315@gmail.com	9641267958	Patna	Bihar	India	12/15/2024	Active
316	John	Kumar	john316@gmail.com	9989872070	Chennai	TN	India	11/20/2024	Inactive
317	Priya	Smith	priya317@gmail.com	9917457388	Hyderabad	TS	India	10/19/2024	Active
318	Amit	Sharma	amit318@gmail.com	9176648285	Patna	Bihar	India	5/20/2024	Active
319	Ravi	Mehta	ravi319@gmail.com	9857240160	Chennai	TN	India	7/11/2024	Active
320	Priya	Gupta	priya320@gmail.com	9736449285	Chennai	TN	India	12/19/2024	Active
321	Ankit	Patel	ankit321@gmail.com	9401950621	Hyderabad	TS	India	11/11/2024	Inactive
322	Priya	Gupta	priya322@gmail.com	9066770178	Delhi	DL	India	1/15/2024	Inactive
323	Neha	Sharma	neha323@gmail.com	9661653827	Hyderabad	TS	India	2/2/2024	Inactive
324	Pooja	Verma	pooja324@gmail.com	9437825116	Hyderabad	TS	India	4/25/2024	Active
325	Pooja	Verma	pooja325@gmail.com	9546330053	Mumbai	MH	India	8/11/2024	Inactive
326	Priya	Sharma	priya326@gmail.com	9103791716	Patna	Bihar	India	6/10/2024	Inactive
327	Pooja	Kumar	pooja327@gmail.com	9193866140	Chennai	TN	India	12/14/2024	Inactive
328	Karan	Mehta	karan328@gmail.com	9212581215	Bangalore	KA	India	10/4/2024	Inactive
329	Munna	Verma	munna329@gmail.com	9374402754	Delhi	DL	India	5/30/2024	Inactive
330	Ravi	Gupta	ravi330@gmail.com	9282590167	Delhi	DL	India	7/19/2024	Inactive
331	Karan	Mehta	karan331@gmail.com	9472967789	Hyderabad	TS	India	7/21/2024	Active
332	Rahul	Verma	rahul332@gmail.com	9332075286	Bangalore	KA	India	2/24/2024	Inactive
333	Amit	Mehta	amit333@gmail.com	9810094120	Hyderabad	TS	India	1/19/2024	Inactive
334	Munna	Gupta	munna334@gmail.com	9660226470	Patna	Bihar	India	7/29/2024	Active
335	Pooja	Sharma	pooja335@gmail.com	9335481699	Chennai	TN	India	2/28/2024	Inactive
336	Munna	Singh	munna336@gmail.com	9166376282	Chennai	TN	India	3/31/2024	Active
337	Munna	Gupta	munna337@gmail.com	9710433806	Mumbai	MH	India	4/17/2024	Inactive
338	Pooja	Verma	pooja338@gmail.com	9451432468	Bangalore	KA	India	4/14/2024	Inactive
339	John	Singh	john339@gmail.com	9980381260	Hyderabad	TS	India	10/26/2024	Inactive
340	Ankit	Sharma	ankit340@gmail.com	9872343557	Patna	Bihar	India	2/28/2024	Active
341	Pooja	Sharma	pooja341@gmail.com	9501900825	Chennai	TN	India	3/19/2024	Inactive
342	Ankit	Smith	ankit342@gmail.com	9871944547	Mumbai	MH	India	11/27/2024	Active
343	Rahul	Gupta	rahul343@gmail.com	9140963244	Delhi	DL	India	8/5/2024	Inactive
344	Ravi	Patel	ravi344@gmail.com	9688043197	Patna	Bihar	India	7/28/2024	Active
345	Karan	Smith	karan345@gmail.com	9073542913	Patna	Bihar	India	7/5/2024	Inactive
346	Priya	Verma	priya346@gmail.com	9550720714	Delhi	DL	India	3/12/2024	Inactive
347	Pooja	Patel	pooja347@gmail.com	9922199592	Patna	Bihar	India	10/6/2024	Active
348	Ravi	Verma	ravi348@gmail.com	9578886154	Patna	Bihar	India	11/1/2024	Inactive
349	Munna	Kumar	munna349@gmail.com	9137464291	Chennai	TN	India	6/16/2024	Inactive
350	Munna	Smith	munna350@gmail.com	9234349930	Bangalore	KA	India	4/7/2024	Inactive
351	Rahul	Mehta	rahul351@gmail.com	9341965913	Patna	Bihar	India	1/5/2024	Active
352	Neha	Patel	neha352@gmail.com	9557602450	Mumbai	MH	India	10/29/2024	Inactive
353	Priya	Mehta	priya353@gmail.com	9559349689	Bangalore	KA	India	7/16/2024	Active
354	John	Gupta	john354@gmail.com	9564745604	Bangalore	KA	India	8/23/2024	Active
355	John	Smith	john355@gmail.com	9737635302	Patna	Bihar	India	7/23/2024	Inactive
356	Karan	Sharma	karan356@gmail.com	9140316270	Patna	Bihar	India	2/6/2024	Active
357	Amit	Sharma	amit357@gmail.com	9489331690	Mumbai	MH	India	3/9/2024	Inactive
358	Karan	Patel	karan358@gmail.com	9749369526	Delhi	DL	India	12/25/2024	Active
359	Priya	Kumar	priya359@gmail.com	9626709122	Delhi	DL	India	6/8/2024	Active
360	Karan	Kumar	karan360@gmail.com	9678076082	Chennai	TN	India	5/9/2024	Inactive
361	Ankit	Gupta	ankit361@gmail.com	9780221884	Delhi	DL	India	10/5/2024	Active
362	Ravi	Verma	ravi362@gmail.com	9617312729	Mumbai	MH	India	2/25/2024	Inactive
363	Priya	Smith	priya363@gmail.com	9948983227	Mumbai	MH	India	11/28/2024	Active
364	Rahul	Sharma	rahul364@gmail.com	9053053836	Patna	Bihar	India	3/4/2024	Inactive
365	Neha	Patel	neha365@gmail.com	9253359246	Chennai	TN	India	11/29/2024	Inactive
366	Priya	Verma	priya366@gmail.com	9726468362	Patna	Bihar	India	8/10/2024	Active
367	Neha	Mehta	neha367@gmail.com	9318879765	Hyderabad	TS	India	5/23/2024	Inactive
368	John	Verma	john368@gmail.com	9428837902	Patna	Bihar	India	9/30/2024	Inactive
369	John	Gupta	john369@gmail.com	9000545954	Bangalore	KA	India	4/21/2024	Inactive
370	Priya	Verma	priya370@gmail.com	9488110141	Patna	Bihar	India	6/19/2024	Inactive
371	John	Gupta	john371@gmail.com	9784360995	Hyderabad	TS	India	12/21/2024	Inactive
372	Amit	Singh	amit372@gmail.com	9229725294	Mumbai	MH	India	11/25/2024	Active
373	Munna	Sharma	munna373@gmail.com	9800991093	Delhi	DL	India	11/23/2024	Inactive
374	John	Mehta	john374@gmail.com	9311854351	Delhi	DL	India	10/24/2024	Inactive
375	Munna	Singh	munna375@gmail.com	9519408976	Mumbai	MH	India	8/21/2024	Active
376	Pooja	Sharma	pooja376@gmail.com	9699000400	Patna	Bihar	India	7/27/2024	Inactive
377	Ravi	Verma	ravi377@gmail.com	9682122969	Hyderabad	TS	India	1/13/2024	Active
378	Amit	Verma	amit378@gmail.com	9890699998	Patna	Bihar	India	11/15/2024	Active
379	Rahul	Singh	rahul379@gmail.com	9381831974	Bangalore	KA	India	5/26/2024	Active
380	Neha	Mehta	neha380@gmail.com	9236156560	Hyderabad	TS	India	1/4/2024	Active
381	Munna	Patel	munna381@gmail.com	9371072136	Mumbai	MH	India	2/8/2024	Active
382	Priya	Patel	priya382@gmail.com	9901087135	Mumbai	MH	India	9/5/2024	Active
383	John	Gupta	john383@gmail.com	9930842338	Delhi	DL	India	5/1/2024	Inactive
384	Ravi	Sharma	ravi384@gmail.com	9462678146	Bangalore	KA	India	12/19/2024	Active
385	Rahul	Kumar	rahul385@gmail.com	9185999267	Chennai	TN	India	10/6/2024	Active
386	Ankit	Sharma	ankit386@gmail.com	9384765554	Hyderabad	TS	India	9/14/2024	Active
387	Karan	Patel	karan387@gmail.com	9423658399	Hyderabad	TS	India	10/27/2024	Inactive
388	John	Patel	john388@gmail.com	9094384462	Chennai	TN	India	1/28/2024	Active
389	John	Sharma	john389@gmail.com	9383774092	Bangalore	KA	India	1/26/2024	Inactive
390	Neha	Patel	neha390@gmail.com	9854613820	Patna	Bihar	India	11/13/2024	Active
391	Priya	Patel	priya391@gmail.com	9096725320	Bangalore	KA	India	2/14/2024	Inactive
392	Pooja	Patel	pooja392@gmail.com	9898530297	Mumbai	MH	India	5/12/2024	Inactive
393	Ravi	Singh	ravi393@gmail.com	9388499227	Patna	Bihar	India	11/26/2024	Inactive
394	John	Singh	john394@gmail.com	9759378098	Bangalore	KA	India	11/29/2024	Active
395	Rahul	Sharma	rahul395@gmail.com	9678400692	Hyderabad	TS	India	6/28/2024	Inactive
396	Ankit	Kumar	ankit396@gmail.com	9592494073	Hyderabad	TS	India	12/8/2024	Inactive
397	John	Singh	john397@gmail.com	9339332164	Hyderabad	TS	India	5/22/2024	Active
398	Priya	Singh	priya398@gmail.com	9348597730	Patna	Bihar	India	2/16/2024	Active
399	Ankit	Gupta	ankit399@gmail.com	9995212849	Chennai	TN	India	5/27/2024	Inactive
400	Pooja	Gupta	pooja400@gmail.com	9972022297	Delhi	DL	India	6/19/2024	Inactive
abc	Neha	Smith	neha401@gmail.com	9128925480	Hyderabad	TS	India	6/17/2024	Active
402	John	Singh	john402@gmail.com	9013341700	Mumbai	MH	India	8/11/2024	Inactive
403	Munna	Singh	munna403@gmail.com	9563997560	Chennai	TN	India	5/11/2024	Active
404	Neha	Verma	neha404@gmail.com	9564940053	Bangalore	KA	India	1/30/2024	Inactive
405	Neha	Patel	neha405@gmail.com	9738497197	Chennai	TN	India	3/2/2024	Inactive
406	Ankit	Verma	ankit406@gmail.com	9293679705	Chennai	TN	India	8/8/2024	Active
407	Priya	Singh	priya407@gmail.com	9553084813	Mumbai	MH	India	11/9/2024	Inactive
408	Rahul	Gupta	rahul408@gmail.com	9392299165	Delhi	DL	India	3/18/2024	Inactive
409	Pooja	Sharma	pooja409@gmail.com	9237103639	Mumbai	MH	India	7/1/2024	Active
410	John	Kumar	john410@gmail.com	9785669038	Chennai	TN	India	2/1/2024	Inactive
411	Amit	Kumar	amit411@gmail.com	9581040007	Mumbai	MH	India	2/11/2024	Active
412	Karan	Sharma	karan412@gmail.com	9271303802	Hyderabad	TS	India	2/29/2024	Active
413	Neha	Patel	neha413@gmail.com	9403379030	Chennai	TN	India	2/19/2024	Inactive
414	Neha	Patel	neha414@gmail.com	9494669399	Mumbai	MH	India	2/7/2024	Inactive
415	Rahul	Verma	rahul415@gmail.com	9709293595	Mumbai	MH	India	8/21/2024	Inactive
416	Pooja	Gupta	pooja416@gmail.com	9932626952	Bangalore	KA	India	4/23/2024	Inactive
417	Neha	Mehta	neha417@gmail.com	9583935607	Hyderabad	TS	India	4/11/2024	Active
418	John	Patel	john418@gmail.com	9819728064	Delhi	DL	India	3/27/2024	Active
419	Pooja	Kumar	pooja419@gmail.com	9485840274	Patna	Bihar	India	4/8/2024	Active
420	Neha	Sharma	neha420@gmail.com	9640201308	Mumbai	MH	India	6/26/2024	Inactive
421	Neha	Mehta	neha421@gmail.com	9358317244	Patna	Bihar	India	2/29/2024	Inactive
422	Rahul	Gupta	rahul422@gmail.com	9088054844	Delhi	DL	India	6/30/2024	Active
423	Neha	Smith	neha423@gmail.com	9485092003	Delhi	DL	India	4/10/2024	Inactive
424	Neha	Verma	neha424@gmail.com	9181274549	Hyderabad	TS	India	11/4/2024	Inactive
425	Ankit	Patel	ankit425@gmail.com	9122317925	Chennai	TN	India	9/2/2024	Inactive
426	Rahul	Verma	rahul426@gmail.com	9150397863	Hyderabad	TS	India	7/1/2024	Active
427	Amit	Smith	amit427@gmail.com	9917102565	Chennai	TN	India	11/6/2024	Inactive
428	Pooja	Mehta	pooja428@gmail.com	9804004174	Patna	Bihar	India	3/17/2024	Active
429	Munna	Mehta	munna429@gmail.com	9120183984	Chennai	TN	India	10/9/2024	Active
430	John	Kumar	john430@gmail.com	9877731509	Chennai	TN	India	5/1/2024	Inactive
431	Munna	Singh	munna431@gmail.com	9064894523	Bangalore	KA	India	11/21/2024	Active
432	John	Sharma	john432@gmail.com	9583291342	Mumbai	MH	India	3/24/2024	Inactive
433	Karan	Singh	karan433@gmail.com	9725330472	Delhi	DL	India	10/11/2024	Inactive
434	Ankit	Gupta	ankit434@gmail.com	9095092535	Chennai	TN	India	6/20/2024	Inactive
435	Pooja	Kumar	pooja435@gmail.com	9668146344	Delhi	DL	India	9/24/2024	Active
436	Karan	Patel	karan436@gmail.com	9664760803	Hyderabad	TS	India	6/27/2024	Active
437	Munna	Smith	munna437@gmail.com	9088779590	Hyderabad	TS	India	2/11/2024	Active
438	Pooja	Kumar	pooja438@gmail.com	9624566328	Hyderabad	TS	India	9/15/2024	Active
439	Neha	Sharma	neha439@gmail.com	9346750539	Hyderabad	TS	India	12/16/2024	Active
440	Ravi	Smith	ravi440@gmail.com	9472509439	Bangalore	KA	India	7/24/2024	Active
441	Amit	Singh	amit441@gmail.com	9971078533	Hyderabad	TS	India	11/4/2024	Active
442	Amit	Smith	amit442@gmail.com	9582237213	Mumbai	MH	India	8/18/2024	Inactive
443	Neha	Sharma	neha443@gmail.com	9427563830	Hyderabad	TS	India	10/22/2024	Inactive
444	John	Verma	john444@gmail.com	9682553544	Chennai	TN	India	11/7/2024	Inactive
445	John	Mehta	john445@gmail.com	9783475822	Chennai	TN	India	12/26/2024	Inactive
446	Rahul	Smith	rahul446@gmail.com	9217879731	Delhi	DL	India	11/5/2024	Active
447	Karan	Verma	karan447@gmail.com	9501153100	Delhi	DL	India	5/17/2024	Inactive
448	Ankit	Kumar	ankit448@gmail.com	9185898263	Chennai	TN	India	8/20/2024	Active
449	Ankit	Sharma	ankit449@gmail.com	9715817319	Chennai	TN	India	10/18/2024	Inactive
450	Rahul	Gupta	rahul450@gmail.com	9927030154	Delhi	DL	India	5/14/2024	Active
451	Pooja	Mehta	pooja451@gmail.com	9900329177	Patna	Bihar	India	8/31/2024	Active
452	Pooja	Mehta	pooja452@gmail.com	9410344229	Hyderabad	TS	India	4/14/2024	Inactive
453	Ankit	Verma	ankit453@gmail.com	9819225682	Delhi	DL	India	11/28/2024	Inactive
454	Pooja	Sharma	pooja454@gmail.com	9235048793	Bangalore	KA	India	10/23/2024	Active
455	Ravi	Patel	ravi455@gmail.com	9248700536	Mumbai	MH	India	12/3/2024	Inactive
456	Munna	Gupta	munna456@gmail.com	9818682777	Mumbai	MH	India	7/2/2024	Inactive
457	Munna	Verma	munna457@gmail.com	9426109602	Hyderabad	TS	India	5/25/2024	Inactive
458	Amit	Gupta	amit458@gmail.com	9888427097	Delhi	DL	India	11/17/2024	Inactive
459	Priya	Smith	priya459@gmail.com	9702957839	Patna	Bihar	India	12/7/2024	Active
460	John	Gupta	john460@gmail.com	9031264123	Bangalore	KA	India	5/21/2024	Inactive
461	Karan	Singh	karan461@gmail.com	9897943894	Bangalore	KA	India	10/15/2024	Active
462	Ravi	Patel	ravi462@gmail.com	9026017029	Delhi	DL	India	7/25/2024	Inactive
463	Pooja	Kumar	pooja463@gmail.com	9914963504	Patna	Bihar	India	9/26/2024	Inactive
464	Amit	Smith	amit464@gmail.com	9307330697	Mumbai	MH	India	2/25/2024	Active
465	Amit	Mehta	amit465@gmail.com	9833427312	Mumbai	MH	India	11/13/2024	Inactive
466	Rahul	Verma	rahul466@gmail.com	9633056684	Hyderabad	TS	India	9/1/2024	Active
467	Karan	Smith	karan467@gmail.com	9456751849	Mumbai	MH	India	4/13/2024	Active
468	Ravi	Gupta	ravi468@gmail.com	9158699872	Bangalore	KA	India	6/9/2024	Active
469	Priya	Kumar	priya469@gmail.com	9111968773	Delhi	DL	India	1/8/2024	Active
470	Ravi	Gupta	ravi470@gmail.com	9252872945	Hyderabad	TS	India	10/15/2024	Active
471	Karan	Verma	karan471@gmail.com	9037844305	Bangalore	KA	India	6/24/2024	Active
472	Amit	Mehta	amit472@gmail.com	9526457848	Mumbai	MH	India	9/26/2024	Active
473	Neha	Singh	neha473@gmail.com	9037273852	Chennai	TN	India	9/15/2024	Active
474	John	Singh	john474@gmail.com	9208355457	Chennai	TN	India	8/28/2024	Inactive
475	Ankit	Smith	ankit475@gmail.com	9516560386	Mumbai	MH	India	4/21/2024	Active
476	Karan	Mehta	karan476@gmail.com	9711715559	Hyderabad	TS	India	1/1/2024	Active
477	Karan	Patel	karan477@gmail.com	9379055083	Chennai	TN	India	6/28/2024	Active
478	Priya	Verma	priya478@gmail.com	9911583940	Delhi	DL	India	6/13/2024	Inactive
479	Ankit	Gupta	ankit479@gmail.com	9314539175	Hyderabad	TS	India	7/24/2024	Active
480	Karan	Verma	karan480@gmail.com	9019184293	Hyderabad	TS	India	3/2/2024	Inactive
481	Rahul	Sharma	rahul481@gmail.com	9623283533	Mumbai	MH	India	8/11/2024	Active
482	Pooja	Singh	pooja482@gmail.com	9463778414	Chennai	TN	India	1/28/2024	Active
483	Ravi	Mehta	ravi483@gmail.com	9680881584	Hyderabad	TS	India	8/21/2024	Inactive
484	John	Mehta	john484@gmail.com	9548448660	Hyderabad	TS	India	2/10/2024	Inactive
485	Amit	Sharma	amit485@gmail.com	9914427578	Patna	Bihar	India	3/11/2024	Active
486	Priya	Singh	priya486@gmail.com	9517374811	Mumbai	MH	India	4/10/2024	Active
487	Karan	Verma	karan487@gmail.com	9821666328	Chennai	TN	India	6/1/2024	Active
488	Ankit	Singh	ankit488@gmail.com	9425245477	Hyderabad	TS	India	7/5/2024	Inactive
489	Pooja	Smith	pooja489@gmail.com	9079364763	Mumbai	MH	India	3/3/2024	Inactive
490	Priya	Smith	priya490@gmail.com	9627063294	Delhi	DL	India	9/20/2024	Inactive
491	Karan	Smith	karan491@gmail.com	9659652962	Hyderabad	TS	India	10/3/2024	Inactive
492	John	Sharma	john492@gmail.com	9576156241	Patna	Bihar	India	6/16/2024	Inactive
493	Munna	Kumar	munna493@gmail.com	9954508207	Patna	Bihar	India	11/10/2024	Active
494	Rahul	Singh	rahul494@gmail.com	9660456052	Bangalore	KA	India	4/4/2024	Inactive
495	Munna	Patel	munna495@gmail.com	9766439759	Hyderabad	TS	India	12/13/2024	Inactive
496	Munna	Sharma	munna496@gmail.com	9342122911	Chennai	TN	India	2/17/2024	Inactive
497	Munna	Verma	munna497@gmail.com	9515032684	Mumbai	MH	India	11/7/2024	Active
498	Munna	Patel	munna498@gmail.com	9378115934	Chennai	TN	India	8/29/2024	Active
499	Amit	Kumar	amit499@gmail.com	9660789851	Hyderabad	TS	India	1/14/2024	Active
500	John	Verma	john500@gmail.com	9243515755	Hyderabad	TS	India	11/28/2024	Active
501	Ravi	Kumar	ravi501gmail.com	9441299531	Bangalore	KA	India	10/26/2024	Inactive
502	Karan	Singh	karan502@gmail.com	9598304190	Hyderabad	TS	India	8/22/2024	Inactive
503	Neha	Singh	neha503@gmail.com	9417625344	Chennai	TN	India	1/27/2024	Inactive
504	John	Sharma	john504@gmail.com	9792924099	Delhi	DL	India	2/7/2024	Active
505	Amit	Sharma	amit505@gmail.com	9458630682	Delhi	DL	India	3/2/2024	Inactive
506	Ankit	Sharma	ankit506@gmail.com	9610162227	Delhi	DL	India	2/6/2024	Inactive
507	John	Mehta	john507@gmail.com	9715223717	Hyderabad	TS	India	1/12/2024	Inactive
508	John	Mehta	john508@gmail.com	9261724849	Chennai	TN	India	3/11/2024	Inactive
509	Karan	Patel	karan509@gmail.com	9365864453	Delhi	DL	India	4/16/2024	Inactive
510	Amit	Patel	amit510@gmail.com	9207265387	Hyderabad	TS	India	4/10/2024	Inactive
511	Neha	Smith	neha511@gmail.com	9399204280	Chennai	TN	India	4/15/2024	Inactive
512	Ankit	Verma	ankit512@gmail.com	9014088799	Delhi	DL	India	11/19/2024	Inactive
513	John	Sharma	john513@gmail.com	9385784991	Delhi	DL	India	12/19/2024	Active
514	Karan	Patel	karan514@gmail.com	9572269888	Patna	Bihar	India	1/17/2024	Inactive
515	Munna	Mehta	munna515@gmail.com	9177403614	Bangalore	KA	India	7/26/2024	Inactive
516	Ravi	Gupta	ravi516@gmail.com	9143906905	Delhi	DL	India	10/14/2024	Inactive
517	Priya	Kumar	priya517@gmail.com	9756855817	Mumbai	MH	India	5/28/2024	Inactive
518	Munna	Smith	munna518@gmail.com	9994967758	Delhi	DL	India	7/24/2024	Inactive
519	Priya	Patel	priya519@gmail.com	9418155014	Hyderabad	TS	India	4/19/2024	Inactive
520	Munna	Smith	munna520@gmail.com	9041239338	Mumbai	MH	India	8/20/2024	Active
521	Ravi	Gupta	ravi521@gmail.com	9628493513	Hyderabad	TS	India	2/27/2024	Active
522	Amit	Sharma	amit522@gmail.com	9740238433	Patna	Bihar	India	10/29/2024	Active
523	Ankit	Patel	ankit523@gmail.com	9836463184	Bangalore	KA	India	8/31/2024	Active
524	Rahul	Kumar	rahul524@gmail.com	9298703799	Bangalore	KA	India	8/7/2024	Active
525	Munna	Singh	munna525@gmail.com	9164374713	Delhi	DL	India	7/12/2024	Active
526	Munna	Patel	munna526@gmail.com	9807706976	Mumbai	MH	India	2/22/2024	Inactive
527	John	Mehta	john527@gmail.com	9665661450	Hyderabad	TS	India	1/27/2024	Active
528	Ankit	Smith	ankit528@gmail.com	9548688529	Delhi	DL	India	6/7/2024	Active
529	John	Sharma	john529@gmail.com	9079266149	Chennai	TN	India	12/22/2024	Inactive
530	Karan	Singh	karan530@gmail.com	9957305061	Hyderabad	TS	India	4/15/2024	Inactive
531	Rahul	Mehta	rahul531@gmail.com	9960922979	Mumbai	MH	India	12/29/2024	Inactive
532	Pooja	Sharma	pooja532@gmail.com	9574358623	Bangalore	KA	India	11/30/2024	Inactive
533	John	Smith	john533@gmail.com	9669442191	Delhi	DL	India	1/18/2024	Inactive
534	Neha	Kumar	neha534@gmail.com	9823644818	Hyderabad	TS	India	12/12/2024	Active
535	Ravi	Singh	ravi535@gmail.com	9915983666	Bangalore	KA	India	8/20/2024	Inactive
536	Karan	Verma	karan536@gmail.com	9333121676	Hyderabad	TS	India	11/8/2024	Active
537	John	Verma	john537@gmail.com	9887397180	Bangalore	KA	India	8/30/2024	Active
538	Priya	Gupta	priya538@gmail.com	9370257636	Delhi	DL	India	7/16/2024	Active
539	John	Smith	john539@gmail.com	9889613182	Bangalore	KA	India	3/9/2024	Active
540	Ankit	Kumar	ankit540@gmail.com	9712929197	Delhi	DL	India	1/3/2024	Inactive
541	Ravi	Gupta	ravi541@gmail.com	9961487539	Patna	Bihar	India	1/30/2024	Inactive
542	Ankit	Kumar	ankit542@gmail.com	9785513963	Delhi	DL	India	3/24/2024	Active
543	Pooja	Sharma	pooja543@gmail.com	9360505285	Bangalore	KA	India	6/12/2024	Active
544	Amit	Kumar	amit544@gmail.com	9493712290	Chennai	TN	India	5/24/2024	Active
545	Pooja	Gupta	pooja545@gmail.com	9799294044	Mumbai	MH	India	11/27/2024	Inactive
546	Amit	Verma	amit546@gmail.com	9500903707	Chennai	TN	India	1/13/2024	Inactive
547	Munna	Singh	munna547@gmail.com	9667118254	Delhi	DL	India	5/22/2024	Inactive
548	Ankit	Sharma	ankit548@gmail.com	9009344026	Chennai	TN	India	6/26/2024	Inactive
549	Karan	Smith	karan549@gmail.com	9252441956	Hyderabad	TS	India	9/14/2024	Inactive
550	Munna	Singh	munna550@gmail.com	9840882804	Delhi	DL	India	10/26/2024	Active
abc	John	Patel	john551@gmail.com	9046380955	Hyderabad	TS	India	7/1/2024	Inactive
552	Rahul	Gupta	rahul552@gmail.com	9989367697	Mumbai	MH	India	1/30/2024	Inactive
553	Ankit	Patel	ankit553@gmail.com	9712082207	Delhi	DL	India	7/31/2024	Inactive
554	Amit	Singh	amit554@gmail.com	9930714096	Hyderabad	TS	India	9/29/2024	Active
555	Amit	Singh	amit555@gmail.com	9810274170	Delhi	DL	India	3/18/2024	Active
556	Rahul	Gupta	rahul556@gmail.com	9983867121	Patna	Bihar	India	11/7/2024	Active
557	John	Singh	john557@gmail.com	9745711609	Patna	Bihar	India	10/3/2024	Inactive
558	John	Gupta	john558@gmail.com	9998386650	Bangalore	KA	India	4/28/2024	Inactive
559	Munna	Gupta	munna559@gmail.com	9583517992	Bangalore	KA	India	6/1/2024	Active
560	Neha	Patel	neha560@gmail.com	9781530558	Patna	Bihar	India	5/18/2024	Inactive
561	Ankit	Mehta	ankit561@gmail.com	9940147930	Chennai	TN	India	6/27/2024	Inactive
562	Ravi	Singh	ravi562@gmail.com	9988857987	Chennai	TN	India	9/28/2024	Active
563	Neha	Verma	neha563@gmail.com	9576567783	Bangalore	KA	India	2/21/2024	Active
564	Ravi	Singh	ravi564@gmail.com	9171601197	Hyderabad	TS	India	12/23/2024	Active
565	Rahul	Kumar	rahul565@gmail.com	9734005500	Mumbai	MH	India	12/24/2024	Inactive
566	Amit	Singh	amit566@gmail.com	9542309807	Delhi	DL	India	5/24/2024	Inactive
567	Munna	Smith	munna567@gmail.com	9343899425	Bangalore	KA	India	12/26/2024	Inactive
568	Munna	Gupta	munna568@gmail.com	9828815831	Chennai	TN	India	12/30/2024	Active
569	John	Singh	john569@gmail.com	9275272507	Patna	Bihar	India	4/2/2024	Inactive
570	John	Singh	john570@gmail.com	9617843913	Hyderabad	TS	India	3/25/2024	Inactive
571	Munna	Verma	munna571@gmail.com	9928712384	Hyderabad	TS	India	5/22/2024	Inactive
572	Ankit	Gupta	ankit572@gmail.com	9017879827	Hyderabad	TS	India	9/10/2024	Active
573	Ravi	Singh	ravi573@gmail.com	9854497047	Bangalore	KA	India	12/7/2024	Inactive
574	Rahul	Sharma	rahul574@gmail.com	9718951685	Chennai	TN	India	11/22/2024	Inactive
575	Karan	Verma	karan575@gmail.com	9344754344	Mumbai	MH	India	3/8/2024	Inactive
576	Ravi	Singh	ravi576@gmail.com	9978043703	Chennai	TN	India	4/26/2024	Active
577	Pooja	Singh	pooja577@gmail.com	9506087486	Mumbai	MH	India	3/23/2024	Active
578	Pooja	Verma	pooja578@gmail.com	9913989334	Hyderabad	TS	India	6/23/2024	Active
579	Amit	Gupta	amit579@gmail.com	9398223088	Delhi	DL	India	8/10/2024	Inactive
580	Amit	Kumar	amit580@gmail.com	9717010279	Patna	Bihar	India	12/2/2024	Inactive
581	Ankit	Mehta	ankit581@gmail.com	9511953906	Patna	Bihar	India	4/1/2024	Inactive
582	Ravi	Smith	ravi582@gmail.com	9325198771	Hyderabad	TS	India	4/25/2024	Active
583	John	Smith	john583@gmail.com	9794846540	Patna	Bihar	India	2/23/2024	Active
584	Munna	Singh	munna584@gmail.com	9049045351	Bangalore	KA	India	7/7/2024	Active
585	Munna	Verma	munna585@gmail.com	9066119920	Hyderabad	TS	India	11/9/2024	Active
586	Rahul	Verma	rahul586@gmail.com	9765045674	Mumbai	MH	India	8/23/2024	Inactive
587	Pooja	Sharma	pooja587@gmail.com	9745831830	Patna	Bihar	India	7/23/2024	Active
588	Munna	Verma	munna588@gmail.com	9518263221	Hyderabad	TS	India	7/1/2024	Active
589	John	Gupta	john589@gmail.com	9882754761	Hyderabad	TS	India	5/9/2024	Active
590	Ankit	Mehta	ankit590@gmail.com	9480179263	Hyderabad	TS	India	3/10/2024	Inactive
591	Priya	Gupta	priya591@gmail.com	9276640960	Delhi	DL	India	6/10/2024	Inactive
592	John	Patel	john592@gmail.com	9543427664	Delhi	DL	India	4/12/2024	Active
593	Neha	Patel	neha593@gmail.com	9003408007	Patna	Bihar	India	7/26/2024	Inactive
594	Priya	Gupta	priya594@gmail.com	9514383072	Bangalore	KA	India	12/13/2024	Active
595	Neha	Smith	neha595@gmail.com	9023565365	Patna	Bihar	India	11/28/2024	Active
596	Amit	Patel	amit596@gmail.com	9706944594	Delhi	DL	India	11/6/2024	Inactive
597	Munna	Mehta	munna597@gmail.com	9428814455	Hyderabad	TS	India	12/19/2024	Inactive
598	Neha	Gupta	neha598@gmail.com	9268287316	Delhi	DL	India	3/17/2024	Inactive
599	Amit	Gupta	amit599@gmail.com	9733415220	Delhi	DL	India	8/5/2024	Inactive
600	Priya	Singh	priya600@gmail.com	9921427347	Chennai	TN	India	11/7/2024	Inactive
601	Priya	Kumar	priya601@gmail.com	9201678762	Chennai	TN	India	5/13/2024	Active
602	Ravi	Smith	ravi602@gmail.com	9389077154	Bangalore	KA	India	7/28/2024	Active
603	Amit	Sharma	amit603@gmail.com	9853994021	Mumbai	MH	India	8/17/2024	Active
604	Karan	Smith	karan604@gmail.com	9540968123	Chennai	TN	India	5/24/2024	Inactive
605	Ravi	Singh	ravi605@gmail.com	9273202646	Patna	Bihar	India	12/27/2024	Inactive
606	John	Patel	john606@gmail.com	9735251596	Delhi	DL	India	1/13/2024	Active
607	Ravi	Singh	ravi607@gmail.com	9582901620	Bangalore	KA	India	7/19/2024	Active
608	Pooja	Smith	pooja608@gmail.com	9753463370	Patna	Bihar	India	9/4/2024	Inactive
609	Priya	Patel	priya609@gmail.com	9581640318	Chennai	TN	India	1/27/2024	Active
610	Munna	Mehta	munna610@gmail.com	9838361789	Mumbai	MH	India	12/3/2024	Active
611	Neha	Gupta	neha611@gmail.com	9362624563	Delhi	DL	India	2/27/2024	Inactive
612	Rahul	Singh	rahul612@gmail.com	9106074947	Chennai	TN	India	8/21/2024	Active
613	Pooja	Gupta	pooja613@gmail.com	9849907852	Mumbai	MH	India	4/27/2024	Active
614	Karan	Patel	karan614@gmail.com	9310344932	Hyderabad	TS	India	7/31/2024	Inactive
615	John	Singh	john615@gmail.com	9369495592	Delhi	DL	India	2/7/2024	Active
616	John	Kumar	john616@gmail.com	9168743405	Chennai	TN	India	4/16/2024	Inactive
617	Amit	Sharma	amit617@gmail.com	9847487311	Bangalore	KA	India	2/19/2024	Inactive
618	Munna	Verma	munna618@gmail.com	9398349846	Hyderabad	TS	India	8/13/2024	Inactive
619	Munna	Patel	munna619@gmail.com	9349280710	Delhi	DL	India	4/12/2024	Inactive
620	Pooja	Smith	pooja620@gmail.com	9672932544	Bangalore	KA	India	1/8/2024	Inactive
621	Karan	Verma	karan621@gmail.com	9426933199	Chennai	TN	India	5/21/2024	Inactive
622	Rahul	Gupta	rahul622@gmail.com	9989629076	Patna	Bihar	India	11/19/2024	Active
623	Rahul	Sharma	rahul623@gmail.com	9993879252	Patna	Bihar	India	11/6/2024	Inactive
624	Rahul	Kumar	rahul624@gmail.com	9047377011	Hyderabad	TS	India	10/14/2024	Inactive
625	Pooja	Patel	pooja625@gmail.com	9437224706	Chennai	TN	India	4/8/2024	Active
626	Pooja	Mehta	pooja626@gmail.com	9385031764	Patna	Bihar	India	6/10/2024	Active
627	Rahul	Sharma	rahul627@gmail.com	9208440474	Chennai	TN	India	9/17/2024	Active
628	Priya	Smith	priya628@gmail.com	9557210134	Chennai	TN	India	7/11/2024	Active
629	Neha	Patel	neha629@gmail.com	9406920776	Patna	Bihar	India	8/28/2024	Active
630	Ankit	Singh	ankit630@gmail.com	9770340243	Bangalore	KA	India	9/17/2024	Active
631	Rahul	Smith	rahul631@gmail.com	9808856156	Bangalore	KA	India	6/17/2024	Inactive
632	Rahul	Patel	rahul632@gmail.com	9204729344	Delhi	DL	India	2/2/2024	Inactive
633	Karan	Smith	karan633@gmail.com	9199798902	Chennai	TN	India	11/24/2024	Inactive
634	John	Mehta	john634@gmail.com	9352989116	Chennai	TN	India	12/12/2024	Inactive
635	Priya	Gupta	priya635@gmail.com	9593831549	Delhi	DL	India	7/9/2024	Active
636	Ravi	Kumar	ravi636@gmail.com	9080176658	Mumbai	MH	India	11/18/2024	Inactive
637	Neha	Singh	neha637@gmail.com	9507170001	Hyderabad	TS	India	11/27/2024	Active
638	Munna	Singh	munna638@gmail.com	9421815180	Patna	Bihar	India	12/2/2024	Inactive
639	Amit	Singh	amit639@gmail.com	9666287140	Chennai	TN	India	3/2/2024	Active
640	Rahul	Smith	rahul640@gmail.com	9688725557	Hyderabad	TS	India	5/15/2024	Active
641	Ankit	Verma	ankit641@gmail.com	9691013356	Mumbai	MH	India	11/5/2024	Active
642	Pooja	Gupta	pooja642@gmail.com	9010852605	Delhi	DL	India	12/24/2024	Inactive
643	Pooja	Mehta	pooja643@gmail.com	9628877465	Patna	Bihar	India	5/7/2024	Active
644	Neha	Kumar	neha644@gmail.com	9604541949	Delhi	DL	India	1/8/2024	Active
645	Ankit	Mehta	ankit645@gmail.com	9803300594	Bangalore	KA	India	9/14/2024	Inactive
646	Ankit	Kumar	ankit646@gmail.com	9899411545	Bangalore	KA	India	6/24/2024	Inactive
647	Ankit	Sharma	ankit647@gmail.com	9130078428	Mumbai	MH	India	10/3/2024	Inactive
648	Munna	Patel	munna648@gmail.com	9615496798	Delhi	DL	India	9/6/2024	Inactive
649	John	Sharma	john649@gmail.com	9771812983	Delhi	DL	India	6/19/2024	Inactive
650	Ravi	Kumar	ravi650@gmail.com	9652689301	Delhi	DL	India	7/1/2024	Active
651	Ravi	Mehta	ravi651@gmail.com	9054209469	Hyderabad	TS	India	12/19/2024	Active
652	Ravi	Smith	ravi652@gmail.com	9824343790	Bangalore	KA	India	10/27/2024	Active
653	Ravi	Kumar	ravi653@gmail.com	9398016472	Patna	Bihar	India	1/22/2024	Active
654	Munna	Kumar	munna654@gmail.com	9095402215	Delhi	DL	India	12/3/2024	Active
655	Priya	Mehta	priya655@gmail.com	9875932785	Hyderabad	TS	India	7/17/2024	Inactive
656	Ankit	Kumar	ankit656@gmail.com	9346208621	Mumbai	MH	India	4/20/2024	Inactive
657	Karan	Mehta	karan657@gmail.com	9942288476	Delhi	DL	India	8/3/2024	Active
658	Amit	Smith	amit658@gmail.com	9287677104	Mumbai	MH	India	7/15/2024	Inactive
659	Rahul	Patel	rahul659@gmail.com	9569034316	Bangalore	KA	India	11/29/2024	Active
660	Ravi	Patel	ravi660@gmail.com	9762087939	Patna	Bihar	India	8/14/2024	Active
661	Karan	Kumar	karan661@gmail.com	9737135964	Bangalore	KA	India	4/23/2024	Inactive
662	John	Sharma	john662@gmail.com	9831041066	Patna	Bihar	India	2/26/2024	Inactive
663	John	Mehta	john663@gmail.com	9306090506	Mumbai	MH	India	2/8/2024	Active
664	Rahul	Singh	rahul664@gmail.com	9801346097	Bangalore	KA	India	7/5/2024	Inactive
665	Neha	Kumar	neha665@gmail.com	9933775904	Delhi	DL	India	9/17/2024	Active
666	Priya	Kumar	priya666@gmail.com	9296829538	Patna	Bihar	India	6/18/2024	Active
667	Pooja	Patel	pooja667@gmail.com	9579708715	Patna	Bihar	India	6/6/2024	Active
668	Munna	Smith	munna668@gmail.com	9246637184	Chennai	TN	India	8/16/2024	Active
669	Priya	Kumar	priya669@gmail.com	9517014489	Hyderabad	TS	India	7/3/2024	Active
670	Karan	Gupta	karan670@gmail.com	9698708290	Mumbai	MH	India	6/10/2024	Active
671	Priya	Singh	priya671@gmail.com	9862708444	Bangalore	KA	India	4/8/2024	Inactive
672	Ravi	Mehta	ravi672@gmail.com	9414172263	Hyderabad	TS	India	9/12/2024	Inactive
673	Neha	Verma	neha673@gmail.com	9459802235	Patna	Bihar	India	12/12/2024	Inactive
674	Munna	Sharma	munna674@gmail.com	9059817837	Bangalore	KA	India	6/1/2024	Active
675	Priya	Kumar	priya675@gmail.com	9681647427	Hyderabad	TS	India	5/1/2024	Active
676	Ankit	Singh	ankit676@gmail.com	9431672620	Patna	Bihar	India	12/1/2024	Inactive
677	Pooja	Kumar	pooja677@gmail.com	9838636595	Delhi	DL	India	7/26/2024	Inactive
678	Neha	Sharma	neha678@gmail.com	9116930338	Bangalore	KA	India	4/16/2024	Active
679	Amit	Sharma	amit679@gmail.com	9755402231	Chennai	TN	India	3/8/2024	Active
680	Priya	Verma	priya680@gmail.com	9285439913	Patna	Bihar	India	8/15/2024	Active
681	John	Patel	john681@gmail.com	9990901213	Mumbai	MH	India	10/15/2024	Inactive
682	Priya	Smith	priya682@gmail.com	9411577773	Mumbai	MH	India	1/26/2024	Active
683	Priya	Smith	priya683@gmail.com	9809573989	Delhi	DL	India	7/9/2024	Inactive
684	Munna	Patel	munna684@gmail.com	9008418904	Chennai	TN	India	1/7/2024	Active
685	Ravi	Verma	ravi685@gmail.com	9889713051	Mumbai	MH	India	5/19/2024	Active
686	Ankit	Gupta	ankit686@gmail.com	9034569189	Chennai	TN	India	5/3/2024	Inactive
687	John	Patel	john687@gmail.com	9555255131	Bangalore	KA	India	11/10/2024	Active
688	Pooja	Kumar	pooja688@gmail.com	9425490164	Bangalore	KA	India	8/11/2024	Active
689	Neha	Smith	neha689@gmail.com	9687129940	Mumbai	MH	India	2/18/2024	Active
690	Pooja	Mehta	pooja690@gmail.com	9327236977	Hyderabad	TS	India	2/8/2024	Inactive
691	Rahul	Smith	rahul691@gmail.com	9512214924	Chennai	TN	India	9/19/2024	Inactive
692	Neha	Singh	neha692@gmail.com	9992177463	Delhi	DL	India	3/16/2024	Inactive
693	Ankit	Kumar	ankit693@gmail.com	9474113607	Patna	Bihar	India	8/8/2024	Active
694	Ankit	Singh	ankit694@gmail.com	9434194090	Chennai	TN	India	10/10/2024	Active
695	Karan	Smith	karan695@gmail.com	9367932343	Mumbai	MH	India	1/10/2024	Active
696	Munna	Verma	munna696@gmail.com	9421779518	Delhi	DL	India	9/9/2024	Active
697	Neha	Verma	neha697@gmail.com	9935082116	Patna	Bihar	India	11/20/2024	Inactive
698	John	Kumar	john698@gmail.com	9307619737	Bangalore	KA	India	2/23/2024	Inactive
699	Neha	Smith	neha699@gmail.com	9065128736	Bangalore	KA	India	4/25/2024	Inactive
700	Munna	Verma	munna700@gmail.com	9639852621	Patna	Bihar	India	7/4/2024	Active
abc	Pooja	Mehta	pooja701gmail.com	9479008934	Bangalore	KA	India	9/9/2024	Inactive
702	Neha	Sharma	neha702@gmail.com	9147453521	Delhi	DL	India	3/26/2024	Inactive
703	Pooja	Verma	pooja703@gmail.com	9541689449	Delhi	DL	India	4/17/2024	Inactive
704	Karan	Verma	karan704@gmail.com	9431994480	Hyderabad	TS	India	8/2/2024	Inactive
705	Munna	Verma	munna705@gmail.com	9598063414	Bangalore	KA	India	11/1/2024	Active
706	Rahul	Verma	rahul706@gmail.com	9771802335	Hyderabad	TS	India	5/29/2024	Active
707	Rahul	Sharma	rahul707@gmail.com	9344495978	Hyderabad	TS	India	4/13/2024	Active
708	Neha	Patel	neha708@gmail.com	9352159804	Bangalore	KA	India	11/27/2024	Inactive
709	Amit	Singh	amit709@gmail.com	9098792523	Bangalore	KA	India	12/28/2024	Inactive
710	Rahul	Singh	rahul710@gmail.com	9416765222	Mumbai	MH	India	1/18/2024	Inactive
711	Pooja	Patel	pooja711@gmail.com	9150896901	Bangalore	KA	India	4/22/2024	Active
712	Pooja	Smith	pooja712@gmail.com	9865263009	Bangalore	KA	India	9/1/2024	Inactive
713	Karan	Kumar	karan713@gmail.com	9890953631	Patna	Bihar	India	7/15/2024	Inactive
714	Karan	Singh	karan714@gmail.com	9181244078	Hyderabad	TS	India	10/25/2024	Inactive
715	Munna	Singh	munna715@gmail.com	9739250859	Patna	Bihar	India	3/25/2024	Active
716	Ankit	Gupta	ankit716@gmail.com	9619640590	Bangalore	KA	India	1/17/2024	Active
717	Rahul	Patel	rahul717@gmail.com	9711602424	Mumbai	MH	India	10/2/2024	Active
718	Priya	Gupta	priya718@gmail.com	9096246278	Bangalore	KA	India	5/2/2024	Inactive
719	Rahul	Kumar	rahul719@gmail.com	9168523609	Bangalore	KA	India	4/23/2024	Active
720	Ravi	Gupta	ravi720@gmail.com	9119222142	Delhi	DL	India	3/3/2024	Inactive
721	Ravi	Verma	ravi721@gmail.com	9642965663	Delhi	DL	India	5/8/2024	Active
722	John	Patel	john722@gmail.com	9058782879	Chennai	TN	India	5/28/2024	Active
723	Priya	Patel	priya723@gmail.com	9783323242	Mumbai	MH	India	6/7/2024	Active
724	Ankit	Kumar	ankit724@gmail.com	9318088270	Mumbai	MH	India	11/8/2024	Active
725	Neha	Mehta	neha725@gmail.com	9389935786	Chennai	TN	India	7/24/2024	Active
726	Ankit	Kumar	ankit726@gmail.com	9719183968	Patna	Bihar	India	1/21/2024	Inactive
727	Neha	Singh	neha727@gmail.com	9416338346	Delhi	DL	India	2/21/2024	Active
728	Priya	Kumar	priya728@gmail.com	9068879800	Delhi	DL	India	5/23/2024	Active
729	Pooja	Verma	pooja729@gmail.com	9323604079	Chennai	TN	India	2/6/2024	Inactive
730	Munna	Sharma	munna730@gmail.com	9353291448	Mumbai	MH	India	7/20/2024	Active
731	Priya	Verma	priya731@gmail.com	9215871771	Chennai	TN	India	5/12/2024	Inactive
732	Karan	Gupta	karan732@gmail.com	9170280923	Bangalore	KA	India	3/21/2024	Inactive
733	Ravi	Gupta	ravi733@gmail.com	9353094450	Bangalore	KA	India	7/17/2024	Active
734	Ankit	Kumar	ankit734@gmail.com	9739220350	Bangalore	KA	India	12/12/2024	Inactive
735	Neha	Gupta	neha735@gmail.com	9616904294	Bangalore	KA	India	11/30/2024	Inactive
736	Ankit	Kumar	ankit736@gmail.com	9026363724	Hyderabad	TS	India	3/29/2024	Inactive
737	Amit	Smith	amit737@gmail.com	9069335502	Mumbai	MH	India	8/16/2024	Active
738	Munna	Mehta	munna738@gmail.com	9151065545	Mumbai	MH	India	4/19/2024	Inactive
739	Karan	Mehta	karan739@gmail.com	9704613694	Patna	Bihar	India	4/27/2024	Active
740	Amit	Patel	amit740@gmail.com	9078022713	Patna	Bihar	India	6/28/2024	Inactive
741	Pooja	Gupta	pooja741@gmail.com	9473755057	Delhi	DL	India	5/25/2024	Active
742	Priya	Smith	priya742@gmail.com	9143337385	Chennai	TN	India	12/20/2024	Inactive
743	Priya	Patel	priya743@gmail.com	9283519028	Mumbai	MH	India	11/23/2024	Active
744	Priya	Kumar	priya744@gmail.com	9693344869	Patna	Bihar	India	3/31/2024	Active
745	Ankit	Patel	ankit745@gmail.com	9882034431	Mumbai	MH	India	1/11/2024	Inactive
746	Ankit	Mehta	ankit746@gmail.com	9128060087	Chennai	TN	India	1/16/2024	Active
747	Munna	Kumar	munna747@gmail.com	9346758135	Delhi	DL	India	10/4/2024	Active
748	Priya	Mehta	priya748@gmail.com	9308674519	Mumbai	MH	India	12/18/2024	Active
749	John	Singh	john749@gmail.com	9067493318	Hyderabad	TS	India	1/7/2024	Active
750	Karan	Kumar	karan750@gmail.com	9321779611	Delhi	DL	India	10/6/2024	Inactive
751	John	Gupta	john751@gmail.com	9093151368	Mumbai	MH	India	10/22/2024	Inactive
752	Amit	Sharma	amit752@gmail.com	9223539773	Hyderabad	TS	India	6/26/2024	Inactive
753	Munna	Gupta	munna753@gmail.com	9535035699	Bangalore	KA	India	3/12/2024	Inactive
754	Ankit	Verma	ankit754@gmail.com	9052884932	Hyderabad	TS	India	3/29/2024	Active
755	Ankit	Smith	ankit755@gmail.com	9284759060	Bangalore	KA	India	6/30/2024	Inactive
756	Neha	Singh	neha756@gmail.com	9411943072	Patna	Bihar	India	7/8/2024	Inactive
757	Karan	Gupta	karan757@gmail.com	9631180907	Bangalore	KA	India	6/27/2024	Active
758	Amit	Mehta	amit758@gmail.com	9391813637	Bangalore	KA	India	12/26/2024	Active
759	Ankit	Smith	ankit759@gmail.com	9959373514	Hyderabad	TS	India	4/17/2024	Active
760	Karan	Gupta	karan760@gmail.com	9259724197	Patna	Bihar	India	11/9/2024	Active
761	Neha	Sharma	neha761@gmail.com	9088403783	Bangalore	KA	India	5/5/2024	Inactive
762	Munna	Smith	munna762@gmail.com	9796364323	Hyderabad	TS	India	7/10/2024	Inactive
763	Rahul	Verma	rahul763@gmail.com	9159801222	Bangalore	KA	India	4/3/2024	Active
764	Neha	Mehta	neha764@gmail.com	9423041463	Chennai	TN	India	6/8/2024	Active
765	Amit	Smith	amit765@gmail.com	9833959545	Bangalore	KA	India	4/24/2024	Active
766	Neha	Smith	neha766@gmail.com	9351577847	Patna	Bihar	India	5/1/2024	Inactive
767	Pooja	Gupta	pooja767@gmail.com	9256987210	Bangalore	KA	India	9/28/2024	Active
768	Ankit	Gupta	ankit768@gmail.com	9963297858	Delhi	DL	India	12/31/2024	Inactive
769	Ravi	Verma	ravi769@gmail.com	9356659980	Patna	Bihar	India	9/15/2024	Active
770	Karan	Gupta	karan770@gmail.com	9086825442	Mumbai	MH	India	3/13/2024	Inactive
771	Neha	Gupta	neha771@gmail.com	9742956132	Mumbai	MH	India	11/28/2024	Active
772	Ravi	Singh	ravi772@gmail.com	9089578672	Mumbai	MH	India	8/6/2024	Inactive
773	Neha	Sharma	neha773@gmail.com	9305203033	Patna	Bihar	India	8/1/2024	Active
774	Priya	Kumar	priya774@gmail.com	9388792899	Mumbai	MH	India	3/21/2024	Active
775	Ravi	Kumar	ravi775@gmail.com	9050138339	Hyderabad	TS	India	7/20/2024	Active
776	Priya	Kumar	priya776@gmail.com	9787235559	Bangalore	KA	India	4/20/2024	Active
777	Karan	Verma	karan777@gmail.com	9803914764	Hyderabad	TS	India	10/15/2024	Active
778	Karan	Smith	karan778@gmail.com	9599521660	Delhi	DL	India	1/29/2024	Active
779	Amit	Patel	amit779@gmail.com	9291622436	Bangalore	KA	India	3/6/2024	Active
780	Ravi	Smith	ravi780@gmail.com	9938440301	Delhi	DL	India	7/17/2024	Inactive
781	Rahul	Patel	rahul781@gmail.com	9777131565	Mumbai	MH	India	1/2/2024	Inactive
782	Neha	Singh	neha782@gmail.com	9254696477	Mumbai	MH	India	7/3/2024	Active
783	Amit	Patel	amit783@gmail.com	9446819975	Mumbai	MH	India	1/15/2024	Inactive
784	Amit	Sharma	amit784@gmail.com	9986899888	Bangalore	KA	India	1/30/2024	Active
785	Rahul	Smith	rahul785@gmail.com	9821116278	Chennai	TN	India	12/19/2024	Inactive
786	Munna	Kumar	munna786@gmail.com	9907369570	Mumbai	MH	India	11/19/2024	Active
787	Pooja	Kumar	pooja787@gmail.com	9374379277	Hyderabad	TS	India	10/29/2024	Inactive
788	John	Gupta	john788@gmail.com	9271572540	Patna	Bihar	India	6/17/2024	Inactive
789	Amit	Mehta	amit789@gmail.com	9287009714	Delhi	DL	India	8/10/2024	Inactive
790	Ravi	Smith	ravi790@gmail.com	9623986543	Hyderabad	TS	India	5/13/2024	Active
791	John	Kumar	john791@gmail.com	9352621098	Hyderabad	TS	India	11/25/2024	Active
792	John	Singh	john792@gmail.com	9061342651	Mumbai	MH	India	7/10/2024	Active
793	Munna	Kumar	munna793@gmail.com	9669713254	Chennai	TN	India	6/9/2024	Active
794	Munna	Singh	munna794@gmail.com	9577275985	Mumbai	MH	India	2/26/2024	Active
795	Rahul	Patel	rahul795@gmail.com	9164893505	Mumbai	MH	India	7/26/2024	Inactive
796	Ankit	Kumar	ankit796@gmail.com	9639962216	Delhi	DL	India	11/15/2024	Active
797	Munna	Patel	munna797@gmail.com	9067612704	Bangalore	KA	India	4/10/2024	Inactive
798	Neha	Smith	neha798@gmail.com	9325756352	Chennai	TN	India	2/7/2024	Inactive
799	Amit	Kumar	amit799@gmail.com	9613236532	Chennai	TN	India	11/6/2024	Active
800	Rahul	Singh	rahul800@gmail.com	9802930407	Hyderabad	TS	India	5/18/2024	Inactive
801	Munna	Smith	munna801@gmail.com	9284362464	Chennai	TN	India	11/19/2024	Active
802	Ankit	Smith	ankit802@gmail.com	9940028965	Bangalore	KA	India	8/25/2024	Inactive
803	Amit	Gupta	amit803@gmail.com	9464699415	Chennai	TN	India	4/28/2024	Active
804	Ravi	Smith	ravi804@gmail.com	9553264678	Delhi	DL	India	6/12/2024	Inactive
805	Munna	Verma	munna805@gmail.com	9367219998	Mumbai	MH	India	7/18/2024	Active
806	Ravi	Gupta	ravi806@gmail.com	9444721126	Patna	Bihar	India	12/20/2024	Active
807	Karan	Sharma	karan807@gmail.com	9857077283	Bangalore	KA	India	1/7/2024	Active
808	Priya	Mehta	priya808@gmail.com	9761909288	Patna	Bihar	India	11/23/2024	Inactive
809	Karan	Smith	karan809@gmail.com	9403766788	Mumbai	MH	India	5/24/2024	Active
810	Priya	Kumar	priya810@gmail.com	9148889315	Hyderabad	TS	India	7/15/2024	Active
811	Karan	Smith	karan811@gmail.com	9066404695	Patna	Bihar	India	3/18/2024	Inactive
812	Ravi	Gupta	ravi812@gmail.com	9839999379	Bangalore	KA	India	1/16/2024	Active
813	John	Mehta	john813@gmail.com	9602522277	Hyderabad	TS	India	10/31/2024	Active
814	John	Kumar	john814@gmail.com	9525048107	Bangalore	KA	India	12/12/2024	Active
815	John	Mehta	john815@gmail.com	9992809975	Bangalore	KA	India	9/20/2024	Active
816	Amit	Gupta	amit816@gmail.com	9959369664	Delhi	DL	India	9/26/2024	Active
817	Ankit	Singh	ankit817@gmail.com	9800550058	Delhi	DL	India	6/8/2024	Inactive
818	Karan	Singh	karan818@gmail.com	9312324984	Patna	Bihar	India	3/7/2024	Active
819	John	Verma	john819@gmail.com	9230500532	Patna	Bihar	India	11/23/2024	Active
820	Munna	Gupta	munna820@gmail.com	9327760101	Bangalore	KA	India	1/2/2024	Inactive
821	Rahul	Patel	rahul821@gmail.com	9848916571	Patna	Bihar	India	7/13/2024	Inactive
822	Karan	Sharma	karan822@gmail.com	9401062434	Patna	Bihar	India	6/11/2024	Inactive
823	Karan	Singh	karan823@gmail.com	9355047930	Mumbai	MH	India	7/1/2024	Inactive
824	Priya	Kumar	priya824@gmail.com	9788585897	Patna	Bihar	India	7/24/2024	Inactive
825	Pooja	Smith	pooja825@gmail.com	9509135157	Mumbai	MH	India	5/3/2024	Inactive
826	Priya	Mehta	priya826@gmail.com	9307106608	Hyderabad	TS	India	12/18/2024	Inactive
827	Munna	Singh	munna827@gmail.com	9861725589	Patna	Bihar	India	2/18/2024	Active
828	Pooja	Smith	pooja828@gmail.com	9982479268	Mumbai	MH	India	6/26/2024	Active
829	Karan	Mehta	karan829@gmail.com	9851826680	Bangalore	KA	India	2/8/2024	Active
830	Amit	Smith	amit830@gmail.com	9569822281	Chennai	TN	India	12/3/2024	Inactive
831	Neha	Kumar	neha831@gmail.com	9218776494	Patna	Bihar	India	2/2/2024	Active
832	Ravi	Sharma	ravi832@gmail.com	9945445783	Mumbai	MH	India	3/27/2024	Active
833	Neha	Verma	neha833@gmail.com	9877621668	Bangalore	KA	India	11/16/2024	Inactive
834	John	Gupta	john834@gmail.com	9024675316	Mumbai	MH	India	12/27/2024	Active
835	Ankit	Gupta	ankit835@gmail.com	9807008616	Patna	Bihar	India	2/3/2024	Inactive
836	Priya	Patel	priya836@gmail.com	9271503853	Hyderabad	TS	India	5/19/2024	Inactive
837	Munna	Mehta	munna837@gmail.com	9525843677	Mumbai	MH	India	7/6/2024	Active
838	Priya	Sharma	priya838@gmail.com	9897001270	Delhi	DL	India	12/10/2024	Active
839	Amit	Gupta	amit839@gmail.com	9242493714	Bangalore	KA	India	5/1/2024	Inactive
840	Amit	Mehta	amit840@gmail.com	9424507905	Patna	Bihar	India	12/29/2024	Active
841	Priya	Kumar	priya841@gmail.com	9947818272	Hyderabad	TS	India	2/1/2024	Inactive
842	Rahul	Sharma	rahul842@gmail.com	9068784190	Hyderabad	TS	India	10/7/2024	Inactive
843	Ravi	Mehta	ravi843@gmail.com	9960659772	Bangalore	KA	India	3/27/2024	Inactive
844	Rahul	Verma	rahul844@gmail.com	9800823454	Patna	Bihar	India	6/6/2024	Inactive
845	Ankit	Gupta	ankit845@gmail.com	9432870066	Delhi	DL	India	10/1/2024	Active
846	Neha	Mehta	neha846@gmail.com	9952085907	Hyderabad	TS	India	4/12/2024	Active
847	Munna	Smith	munna847@gmail.com	9073326732	Patna	Bihar	India	7/6/2024	Active
848	Ravi	Kumar	ravi848@gmail.com	9362610426	Mumbai	MH	India	7/31/2024	Inactive
849	Ankit	Kumar	ankit849@gmail.com	9552620644	Patna	Bihar	India	2/7/2024	Active
850	Ankit	Sharma	ankit850@gmail.com	9883203346	Delhi	DL	India	2/15/2024	Active
abc	Amit	Smith	amit851@gmail.com	9874380730	Mumbai	MH	India	7/30/2024	Active
852	Rahul	Singh	rahul852@gmail.com	9035778506	Mumbai	MH	India	6/14/2024	Active
853	John	Kumar	john853@gmail.com	9565357538	Bangalore	KA	India	5/18/2024	Active
854	Pooja	Smith	pooja854@gmail.com	9668513985	Chennai	TN	India	1/27/2024	Inactive
855	Karan	Mehta	karan855@gmail.com	9272031760	Delhi	DL	India	6/4/2024	Inactive
856	Rahul	Gupta	rahul856@gmail.com	9299295099	Chennai	TN	India	4/14/2024	Active
857	John	Gupta	john857@gmail.com	9612534135	Bangalore	KA	India	10/17/2024	Active
858	Rahul	Verma	rahul858@gmail.com	9363627542	Hyderabad	TS	India	6/15/2024	Inactive
859	Karan	Gupta	karan859@gmail.com	9484076806	Delhi	DL	India	1/12/2024	Inactive
860	John	Kumar	john860@gmail.com	9349448082	Mumbai	MH	India	7/1/2024	Inactive
861	Amit	Singh	amit861@gmail.com	9897408972	Bangalore	KA	India	3/1/2024	Active
862	Ravi	Verma	ravi862@gmail.com	9473072289	Mumbai	MH	India	7/25/2024	Active
863	Priya	Kumar	priya863@gmail.com	9715714104	Mumbai	MH	India	12/6/2024	Active
864	Munna	Verma	munna864@gmail.com	9565996631	Hyderabad	TS	India	2/28/2024	Inactive
865	Rahul	Singh	rahul865@gmail.com	9152092285	Bangalore	KA	India	10/6/2024	Inactive
866	Ravi	Gupta	ravi866@gmail.com	9895077597	Bangalore	KA	India	2/18/2024	Inactive
867	Rahul	Gupta	rahul867@gmail.com	9431465244	Delhi	DL	India	7/11/2024	Active
868	Ravi	Patel	ravi868@gmail.com	9521654259	Delhi	DL	India	5/21/2024	Active
869	Neha	Mehta	neha869@gmail.com	9264036604	Chennai	TN	India	1/28/2024	Inactive
870	Rahul	Sharma	rahul870@gmail.com	9450801719	Hyderabad	TS	India	1/7/2024	Inactive
871	Munna	Gupta	munna871@gmail.com	9293121366	Mumbai	MH	India	9/26/2024	Active
872	John	Sharma	john872@gmail.com	9686971440	Bangalore	KA	India	6/25/2024	Inactive
873	Pooja	Gupta	pooja873@gmail.com	9656250171	Chennai	TN	India	9/9/2024	Active
874	John	Patel	john874@gmail.com	9439955117	Bangalore	KA	India	8/3/2024	Inactive
875	John	Patel	john875@gmail.com	9847847127	Hyderabad	TS	India	6/22/2024	Inactive
876	Ankit	Sharma	ankit876@gmail.com	9574638056	Bangalore	KA	India	7/15/2024	Active
877	Pooja	Mehta	pooja877@gmail.com	9205170223	Mumbai	MH	India	12/15/2024	Inactive
878	Amit	Gupta	amit878@gmail.com	9428347252	Mumbai	MH	India	9/12/2024	Active
879	Neha	Kumar	neha879@gmail.com	9703520119	Patna	Bihar	India	2/22/2024	Inactive
880	Priya	Verma	priya880@gmail.com	9475134124	Hyderabad	TS	India	6/13/2024	Inactive
881	John	Kumar	john881@gmail.com	9367399737	Bangalore	KA	India	1/14/2024	Inactive
882	Ankit	Mehta	ankit882@gmail.com	9690306767	Hyderabad	TS	India	7/21/2024	Active
883	Pooja	Patel	pooja883@gmail.com	9350415939	Chennai	TN	India	2/7/2024	Inactive
884	Munna	Smith	munna884@gmail.com	9525424807	Hyderabad	TS	India	12/6/2024	Inactive
885	Pooja	Mehta	pooja885@gmail.com	9801404982	Patna	Bihar	India	11/8/2024	Inactive
886	Munna	Kumar	munna886@gmail.com	9607917319	Chennai	TN	India	2/29/2024	Inactive
887	Ravi	Kumar	ravi887@gmail.com	9486697756	Mumbai	MH	India	12/16/2024	Inactive
888	Priya	Verma	priya888@gmail.com	9626882674	Patna	Bihar	India	11/16/2024	Active
889	Rahul	Smith	rahul889@gmail.com	9547503199	Delhi	DL	India	2/29/2024	Inactive
890	Pooja	Smith	pooja890@gmail.com	9472016684	Delhi	DL	India	7/14/2024	Active
891	Ankit	Smith	ankit891@gmail.com	9823270203	Hyderabad	TS	India	1/10/2024	Active
892	Neha	Gupta	neha892@gmail.com	9289770335	Chennai	TN	India	3/20/2024	Inactive
893	Rahul	Gupta	rahul893@gmail.com	9882722400	Bangalore	KA	India	6/16/2024	Inactive
894	Munna	Verma	munna894@gmail.com	9020454357	Hyderabad	TS	India	8/2/2024	Inactive
895	Rahul	Mehta	rahul895@gmail.com	9791585563	Delhi	DL	India	10/1/2024	Inactive
896	John	Verma	john896@gmail.com	9786866722	Chennai	TN	India	12/25/2024	Inactive
897	Pooja	Mehta	pooja897@gmail.com	9080689981	Mumbai	MH	India	1/27/2024	Inactive
898	Amit	Mehta	amit898@gmail.com	9133753198	Delhi	DL	India	3/14/2024	Inactive
899	Neha	Singh	neha899@gmail.com	9980108886	Bangalore	KA	India	7/5/2024	Active
900	Ankit	Sharma	ankit900@gmail.com	9718317785	Hyderabad	TS	India	8/28/2024	Inactive
901	Amit	Kumar	amit901gmail.com	9741570770	Delhi	DL	India	3/3/2024	Active
902	Munna	Sharma	munna902@gmail.com	9750838821	Bangalore	KA	India	11/3/2024	Active
903	Karan	Singh	karan903@gmail.com	9926156971	Patna	Bihar	India	5/20/2024	Active
904	Rahul	Mehta	rahul904@gmail.com	9879751447	Bangalore	KA	India	9/16/2024	Inactive
905	Neha	Mehta	neha905@gmail.com	9445856535	Hyderabad	TS	India	4/8/2024	Active
906	John	Gupta	john906@gmail.com	9589885465	Delhi	DL	India	3/31/2024	Inactive
907	Ankit	Smith	ankit907@gmail.com	9111221724	Bangalore	KA	India	4/5/2024	Inactive
908	John	Gupta	john908@gmail.com	9227302641	Hyderabad	TS	India	5/1/2024	Inactive
909	Neha	Mehta	neha909@gmail.com	9160908740	Delhi	DL	India	9/10/2024	Active
910	Munna	Verma	munna910@gmail.com	9699716607	Chennai	TN	India	1/17/2024	Inactive
911	Munna	Verma	munna911@gmail.com	9041520877	Chennai	TN	India	10/26/2024	Active
912	Karan	Gupta	karan912@gmail.com	9160611271	Hyderabad	TS	India	5/25/2024	Inactive
913	Munna	Smith	munna913@gmail.com	9881630786	Chennai	TN	India	2/26/2024	Active
914	Priya	Verma	priya914@gmail.com	9882661533	Bangalore	KA	India	4/27/2024	Inactive
915	Munna	Sharma	munna915@gmail.com	9406215426	Chennai	TN	India	11/21/2024	Active
916	Neha	Patel	neha916@gmail.com	9239503202	Chennai	TN	India	10/22/2024	Inactive
917	Karan	Mehta	karan917@gmail.com	9243211437	Chennai	TN	India	8/21/2024	Inactive
918	Karan	Verma	karan918@gmail.com	9774823168	Bangalore	KA	India	6/12/2024	Inactive
919	Munna	Mehta	munna919@gmail.com	9234902959	Hyderabad	TS	India	1/1/2024	Active
920	John	Smith	john920@gmail.com	9168112984	Mumbai	MH	India	2/15/2024	Active
921	Neha	Gupta	neha921@gmail.com	9740759807	Hyderabad	TS	India	4/6/2024	Active
922	Pooja	Kumar	pooja922@gmail.com	9356097140	Hyderabad	TS	India	11/9/2024	Inactive
923	Ankit	Singh	ankit923@gmail.com	9553992870	Patna	Bihar	India	4/7/2024	Active
924	Karan	Sharma	karan924@gmail.com	9402001485	Hyderabad	TS	India	10/16/2024	Active
925	Munna	Patel	munna925@gmail.com	9513050647	Delhi	DL	India	11/21/2024	Inactive
926	Ankit	Gupta	ankit926@gmail.com	9961929372	Delhi	DL	India	7/4/2024	Active
927	Pooja	Singh	pooja927@gmail.com	9512995852	Bangalore	KA	India	9/14/2024	Inactive
928	John	Patel	john928@gmail.com	9364289088	Bangalore	KA	India	9/5/2024	Inactive
929	Neha	Smith	neha929@gmail.com	9119587686	Chennai	TN	India	5/7/2024	Active
930	Munna	Singh	munna930@gmail.com	9062078140	Patna	Bihar	India	10/5/2024	Inactive
931	Amit	Sharma	amit931@gmail.com	9700472017	Bangalore	KA	India	7/8/2024	Active
932	Ankit	Gupta	ankit932@gmail.com	9408852972	Patna	Bihar	India	10/16/2024	Inactive
933	Ankit	Patel	ankit933@gmail.com	9507522356	Mumbai	MH	India	12/20/2024	Active
934	Neha	Mehta	neha934@gmail.com	9455659170	Mumbai	MH	India	9/29/2024	Active
935	Ankit	Mehta	ankit935@gmail.com	9586579006	Bangalore	KA	India	9/5/2024	Inactive
936	Ankit	Singh	ankit936@gmail.com	9620499512	Chennai	TN	India	3/4/2024	Inactive
937	Ankit	Kumar	ankit937@gmail.com	9347032876	Delhi	DL	India	6/6/2024	Active
938	Neha	Kumar	neha938@gmail.com	9947558515	Bangalore	KA	India	1/25/2024	Inactive
939	Ravi	Mehta	ravi939@gmail.com	9584993459	Hyderabad	TS	India	5/31/2024	Inactive
940	Amit	Smith	amit940@gmail.com	9704998283	Mumbai	MH	India	7/17/2024	Active
941	Priya	Verma	priya941@gmail.com	9095677967	Hyderabad	TS	India	8/24/2024	Active
942	John	Gupta	john942@gmail.com	9629411838	Mumbai	MH	India	10/12/2024	Inactive
943	Munna	Gupta	munna943@gmail.com	9942742926	Bangalore	KA	India	8/17/2024	Inactive
944	Rahul	Gupta	rahul944@gmail.com	9756031527	Hyderabad	TS	India	5/20/2024	Active
945	John	Patel	john945@gmail.com	9890829145	Chennai	TN	India	2/1/2024	Active
946	Ankit	Mehta	ankit946@gmail.com	9645229956	Patna	Bihar	India	9/9/2024	Active
947	Ravi	Kumar	ravi947@gmail.com	9975115808	Hyderabad	TS	India	3/5/2024	Active
948	Priya	Mehta	priya948@gmail.com	9303324162	Delhi	DL	India	10/18/2024	Active
949	Munna	Verma	munna949@gmail.com	9648288803	Patna	Bihar	India	4/13/2024	Inactive
950	Rahul	Verma	rahul950@gmail.com	9405486521	Mumbai	MH	India	11/5/2024	Active
951	Karan	Gupta	karan951@gmail.com	9108759414	Mumbai	MH	India	8/20/2024	Inactive
952	Pooja	Singh	pooja952@gmail.com	9739354833	Chennai	TN	India	1/27/2024	Inactive
953	John	Gupta	john953@gmail.com	9125876015	Hyderabad	TS	India	11/5/2024	Inactive
954	Ankit	Smith	ankit954@gmail.com	9614040846	Chennai	TN	India	12/1/2024	Active
955	Pooja	Gupta	pooja955@gmail.com	9090013311	Delhi	DL	India	6/15/2024	Inactive
956	Pooja	Smith	pooja956@gmail.com	9014246345	Hyderabad	TS	India	1/3/2024	Inactive
957	Karan	Verma	karan957@gmail.com	9345473876	Chennai	TN	India	10/28/2024	Inactive
958	Amit	Patel	amit958@gmail.com	9134798956	Hyderabad	TS	India	10/31/2024	Active
959	Karan	Kumar	karan959@gmail.com	9927202490	Mumbai	MH	India	11/29/2024	Inactive
960	Ravi	Patel	ravi960@gmail.com	9718998886	Bangalore	KA	India	10/11/2024	Inactive
961	Rahul	Patel	rahul961@gmail.com	9744816817	Mumbai	MH	India	1/22/2024	Active
962	Ankit	Verma	ankit962@gmail.com	9161966053	Mumbai	MH	India	8/16/2024	Inactive
963	John	Singh	john963@gmail.com	9696325870	Chennai	TN	India	6/5/2024	Inactive
964	Ankit	Patel	ankit964@gmail.com	9307490777	Mumbai	MH	India	9/17/2024	Inactive
965	Ankit	Mehta	ankit965@gmail.com	9600195994	Delhi	DL	India	1/29/2024	Active
966	Munna	Patel	munna966@gmail.com	9405378842	Patna	Bihar	India	6/22/2024	Inactive
967	Karan	Verma	karan967@gmail.com	9607115844	Hyderabad	TS	India	4/5/2024	Active
968	Amit	Kumar	amit968@gmail.com	9208455008	Bangalore	KA	India	6/24/2024	Active
969	Rahul	Sharma	rahul969@gmail.com	9507049482	Chennai	TN	India	12/19/2024	Inactive
970	Karan	Gupta	karan970@gmail.com	9465521998	Delhi	DL	India	4/12/2024	Inactive
971	Pooja	Singh	pooja971@gmail.com	9322089078	Bangalore	KA	India	1/2/2024	Active
972	Rahul	Mehta	rahul972@gmail.com	9910476814	Delhi	DL	India	4/5/2024	Inactive
973	Rahul	Gupta	rahul973@gmail.com	9635461578	Bangalore	KA	India	12/24/2024	Inactive
974	Pooja	Kumar	pooja974@gmail.com	9299207779	Chennai	TN	India	11/12/2024	Inactive
975	Ankit	Singh	ankit975@gmail.com	9122751410	Mumbai	MH	India	4/19/2024	Active
976	Ankit	Sharma	ankit976@gmail.com	9677153721	Delhi	DL	India	8/5/2024	Active
977	Munna	Patel	munna977@gmail.com	9802940529	Hyderabad	TS	India	8/16/2024	Active
978	Priya	Mehta	priya978@gmail.com	9224163403	Chennai	TN	India	8/29/2024	Inactive
979	Amit	Sharma	amit979@gmail.com	9430969041	Chennai	TN	India	9/9/2024	Inactive
980	Amit	Kumar	amit980@gmail.com	9469079359	Delhi	DL	India	11/20/2024	Inactive
981	Amit	Mehta	amit981@gmail.com	9689728985	Patna	Bihar	India	5/29/2024	Active
982	Ankit	Verma	ankit982@gmail.com	9232632094	Bangalore	KA	India	10/28/2024	Inactive
983	Munna	Smith	munna983@gmail.com	9639056683	Bangalore	KA	India	12/25/2024	Inactive
984	Rahul	Smith	rahul984@gmail.com	9114495978	Patna	Bihar	India	1/9/2024	Inactive
985	Neha	Smith	neha985@gmail.com	9770322065	Chennai	TN	India	7/23/2024	Active
986	Pooja	Mehta	pooja986@gmail.com	9419040934	Delhi	DL	India	9/3/2024	Inactive
987	Karan	Gupta	karan987@gmail.com	9098598016	Mumbai	MH	India	7/23/2024	Inactive
988	Ravi	Singh	ravi988@gmail.com	9565482673	Mumbai	MH	India	8/6/2024	Active
989	Munna	Patel	munna989@gmail.com	9481801438	Patna	Bihar	India	8/2/2024	Inactive
990	Priya	Singh	priya990@gmail.com	9913535517	Bangalore	KA	India	2/10/2024	Active
991	Ankit	Sharma	ankit991@gmail.com	9010834530	Chennai	TN	India	5/5/2024	Active
992	Pooja	Smith	pooja992@gmail.com	9162851562	Hyderabad	TS	India	7/4/2024	Inactive
993	Neha	Sharma	neha993@gmail.com	9742175662	Bangalore	KA	India	4/12/2024	Active
994	Pooja	Kumar	pooja994@gmail.com	9901376609	Bangalore	KA	India	9/8/2024	Active
995	John	Smith	john995@gmail.com	9562887219	Bangalore	KA	India	9/26/2024	Active
996	Priya	Sharma	priya996@gmail.com	9150767071	Chennai	TN	India	5/3/2024	Active
997	Pooja	Mehta	pooja997@gmail.com	9067883304	Chennai	TN	India	11/12/2024	Inactive
998	Karan	Mehta	karan998@gmail.com	9079637565	Bangalore	KA	India	11/14/2024	Active
999	Amit	Smith	amit999@gmail.com	9714954193	Delhi	DL	India	5/14/2024	Active
1000	Priya	Gupta	priya1000@gmail.com	9106174290	Hyderabad	TS	India	1/11/2024	Inactive
abc	Munna	Kumar	munna1001@gmail.com	9385467396	Bangalore	KA	India	11/16/2024	Active
1002	John	Gupta	john1002@gmail.com	9883332089	Mumbai	MH	India	3/31/2024	Inactive
1003	Neha	Mehta	neha1003@gmail.com	9781114099	Bangalore	KA	India	6/15/2024	Inactive
1004	Amit	Gupta	amit1004@gmail.com	9517759748	Delhi	DL	India	9/3/2024	Active
1005	Ankit	Verma	ankit1005@gmail.com	9732306846	Patna	Bihar	India	3/16/2024	Active
1006	Pooja	Gupta	pooja1006@gmail.com	9168547607	Bangalore	KA	India	8/30/2024	Active
1007	Amit	Sharma	amit1007@gmail.com	9417270550	Mumbai	MH	India	6/7/2024	Inactive
1008	Priya	Verma	priya1008@gmail.com	9322026710	Hyderabad	TS	India	4/29/2024	Active
1009	Karan	Patel	karan1009@gmail.com	9185795499	Patna	Bihar	India	4/19/2024	Active
1010	Amit	Sharma	amit1010@gmail.com	9438980866	Mumbai	MH	India	3/18/2024	Inactive
1011	Pooja	Gupta	pooja1011@gmail.com	9798582853	Mumbai	MH	India	8/20/2024	Active
1012	Rahul	Patel	rahul1012@gmail.com	9360045883	Mumbai	MH	India	2/2/2024	Active
1013	Ankit	Patel	ankit1013@gmail.com	9997609730	Bangalore	KA	India	11/27/2024	Active
1014	Priya	Singh	priya1014@gmail.com	9732947271	Bangalore	KA	India	10/23/2024	Active
1015	Munna	Kumar	munna1015@gmail.com	9674969163	Delhi	DL	India	10/18/2024	Active
1016	Rahul	Singh	rahul1016@gmail.com	9871399525	Delhi	DL	India	8/4/2024	Inactive
1017	Ankit	Smith	ankit1017@gmail.com	9684019156	Mumbai	MH	India	8/23/2024	Active
1018	Munna	Mehta	munna1018@gmail.com	9050854980	Delhi	DL	India	7/23/2024	Active
1019	Priya	Smith	priya1019@gmail.com	9782380097	Chennai	TN	India	7/27/2024	Inactive
1020	Munna	Verma	munna1020@gmail.com	9405972559	Patna	Bihar	India	9/3/2024	Active
1021	Amit	Mehta	amit1021@gmail.com	9325957533	Chennai	TN	India	4/1/2024	Active
1022	Pooja	Singh	pooja1022@gmail.com	9552225753	Chennai	TN	India	7/20/2024	Inactive
1023	Munna	Patel	munna1023@gmail.com	9538484374	Patna	Bihar	India	2/9/2024	Inactive
1024	Pooja	Patel	pooja1024@gmail.com	9455291463	Delhi	DL	India	2/16/2024	Active
1025	Rahul	Verma	rahul1025@gmail.com	9027970751	Chennai	TN	India	9/6/2024	Inactive
1026	Rahul	Verma	rahul1026@gmail.com	9834941847	Mumbai	MH	India	9/10/2024	Active
1027	Rahul	Sharma	rahul1027@gmail.com	9263033374	Delhi	DL	India	7/5/2024	Inactive
1028	Ankit	Mehta	ankit1028@gmail.com	9806247434	Mumbai	MH	India	12/2/2024	Inactive
1029	Karan	Smith	karan1029@gmail.com	9202936483	Mumbai	MH	India	1/15/2024	Inactive
1030	Rahul	Sharma	rahul1030@gmail.com	9994632088	Bangalore	KA	India	12/3/2024	Active
1031	Amit	Sharma	amit1031@gmail.com	9867951693	Delhi	DL	India	3/12/2024	Inactive
1032	Munna	Smith	munna1032@gmail.com	9665343840	Chennai	TN	India	5/10/2024	Active
1033	Amit	Sharma	amit1033@gmail.com	9211082643	Chennai	TN	India	10/22/2024	Active
1034	Amit	Verma	amit1034@gmail.com	9027030577	Patna	Bihar	India	12/22/2024	Inactive
1035	Karan	Smith	karan1035@gmail.com	9767093543	Mumbai	MH	India	2/16/2024	Inactive
1036	Amit	Sharma	amit1036@gmail.com	9071234557	Bangalore	KA	India	8/16/2024	Active
1037	Ravi	Verma	ravi1037@gmail.com	9356785107	Bangalore	KA	India	2/24/2024	Active
1038	Pooja	Mehta	pooja1038@gmail.com	9738720049	Delhi	DL	India	1/29/2024	Inactive
1039	Pooja	Sharma	pooja1039@gmail.com	9293741440	Chennai	TN	India	6/28/2024	Active
1040	Rahul	Sharma	rahul1040@gmail.com	9726358085	Mumbai	MH	India	4/1/2024	Active
1041	Amit	Gupta	amit1041@gmail.com	9372751601	Mumbai	MH	India	6/22/2024	Active
1042	Ravi	Mehta	ravi1042@gmail.com	9738041030	Bangalore	KA	India	12/22/2024	Inactive
1043	Ankit	Singh	ankit1043@gmail.com	9615692556	Delhi	DL	India	9/18/2024	Active
1044	Ankit	Verma	ankit1044@gmail.com	9980784717	Chennai	TN	India	8/29/2024	Inactive
1045	Ankit	Sharma	ankit1045@gmail.com	9634383785	Patna	Bihar	India	9/13/2024	Active
1046	Ravi	Smith	ravi1046@gmail.com	9937481088	Bangalore	KA	India	11/7/2024	Inactive
1047	Ravi	Sharma	ravi1047@gmail.com	9535905377	Delhi	DL	India	4/29/2024	Active
1048	Neha	Smith	neha1048@gmail.com	9181482522	Patna	Bihar	India	2/16/2024	Active
1049	Amit	Smith	amit1049@gmail.com	9210964805	Bangalore	KA	India	1/19/2024	Inactive
1050	Ravi	Kumar	ravi1050@gmail.com	9162661981	Hyderabad	TS	India	3/8/2024	Inactive
1051	Priya	Patel	priya1051@gmail.com	9763541056	Chennai	TN	India	4/24/2024	Active
1052	Karan	Smith	karan1052@gmail.com	9001660704	Bangalore	KA	India	4/28/2024	Inactive
1053	Ravi	Singh	ravi1053@gmail.com	9083557446	Delhi	DL	India	12/28/2024	Inactive
1054	Amit	Singh	amit1054@gmail.com	9342411482	Chennai	TN	India	2/26/2024	Inactive
1055	Ankit	Gupta	ankit1055@gmail.com	9574352263	Hyderabad	TS	India	7/4/2024	Inactive
1056	Neha	Gupta	neha1056@gmail.com	9885141396	Chennai	TN	India	3/16/2024	Active
1057	Karan	Sharma	karan1057@gmail.com	9362082724	Hyderabad	TS	India	3/2/2024	Active
1058	Karan	Sharma	karan1058@gmail.com	9357271736	Chennai	TN	India	8/5/2024	Inactive
1059	Neha	Gupta	neha1059@gmail.com	9325619467	Hyderabad	TS	India	6/6/2024	Inactive
1060	Pooja	Singh	pooja1060@gmail.com	9431112549	Patna	Bihar	India	10/29/2024	Active
1061	Rahul	Smith	rahul1061@gmail.com	9748243469	Chennai	TN	India	5/22/2024	Active
1062	Rahul	Mehta	rahul1062@gmail.com	9386424693	Bangalore	KA	India	3/20/2024	Active
1063	Rahul	Smith	rahul1063@gmail.com	9501263019	Mumbai	MH	India	7/9/2024	Inactive
1064	Rahul	Smith	rahul1064@gmail.com	9060858354	Bangalore	KA	India	4/16/2024	Inactive
1065	Priya	Mehta	priya1065@gmail.com	9396058563	Delhi	DL	India	7/21/2024	Active
1066	Ravi	Mehta	ravi1066@gmail.com	9368225805	Bangalore	KA	India	6/2/2024	Active
1067	John	Kumar	john1067@gmail.com	9554692961	Hyderabad	TS	India	10/27/2024	Active
1068	Munna	Singh	munna1068@gmail.com	9691002592	Mumbai	MH	India	2/15/2024	Inactive
1069	Ravi	Gupta	ravi1069@gmail.com	9174296708	Delhi	DL	India	8/19/2024	Inactive
1070	Ravi	Mehta	ravi1070@gmail.com	9802500328	Patna	Bihar	India	8/24/2024	Inactive
1071	John	Sharma	john1071@gmail.com	9670312642	Chennai	TN	India	6/5/2024	Active
1072	Ankit	Verma	ankit1072@gmail.com	9228706218	Hyderabad	TS	India	1/28/2024	Inactive
1073	Munna	Mehta	munna1073@gmail.com	9503058277	Patna	Bihar	India	10/1/2024	Inactive
1074	Karan	Singh	karan1074@gmail.com	9975930992	Hyderabad	TS	India	4/30/2024	Active
1075	Neha	Verma	neha1075@gmail.com	9748229964	Chennai	TN	India	8/17/2024	Inactive
1076	Ravi	Gupta	ravi1076@gmail.com	9207942306	Bangalore	KA	India	1/24/2024	Active
1077	Pooja	Kumar	pooja1077@gmail.com	9832864955	Mumbai	MH	India	2/26/2024	Inactive
1078	Amit	Singh	amit1078@gmail.com	9794413008	Hyderabad	TS	India	7/22/2024	Inactive
1079	Karan	Mehta	karan1079@gmail.com	9730389319	Mumbai	MH	India	2/10/2024	Active
1080	Karan	Singh	karan1080@gmail.com	9240749952	Bangalore	KA	India	7/12/2024	Active
1081	Munna	Verma	munna1081@gmail.com	9407163265	Bangalore	KA	India	8/12/2024	Active
1082	Munna	Patel	munna1082@gmail.com	9217692786	Mumbai	MH	India	1/13/2024	Inactive
1083	Munna	Sharma	munna1083@gmail.com	9985338150	Patna	Bihar	India	7/10/2024	Inactive
1084	Ankit	Gupta	ankit1084@gmail.com	9285357730	Bangalore	KA	India	5/19/2024	Active
1085	Neha	Sharma	neha1085@gmail.com	9058201146	Hyderabad	TS	India	8/15/2024	Inactive
1086	John	Sharma	john1086@gmail.com	9310350143	Patna	Bihar	India	6/10/2024	Active
1087	John	Singh	john1087@gmail.com	9185119198	Bangalore	KA	India	1/8/2024	Active
1088	Rahul	Kumar	rahul1088@gmail.com	9494290355	Mumbai	MH	India	3/3/2024	Active
1089	Karan	Verma	karan1089@gmail.com	9192426571	Mumbai	MH	India	1/19/2024	Active
1090	Ravi	Gupta	ravi1090@gmail.com	9888533135	Mumbai	MH	India	12/10/2024	Active
1091	Pooja	Singh	pooja1091@gmail.com	9694392324	Chennai	TN	India	11/3/2024	Inactive
1092	Priya	Singh	priya1092@gmail.com	9913501156	Patna	Bihar	India	9/4/2024	Active
1093	Munna	Patel	munna1093@gmail.com	9153717133	Bangalore	KA	India	5/19/2024	Inactive
1094	Amit	Gupta	amit1094@gmail.com	9181678670	Bangalore	KA	India	9/26/2024	Active
1095	Karan	Smith	karan1095@gmail.com	9645857367	Delhi	DL	India	4/19/2024	Inactive
1096	Ankit	Patel	ankit1096@gmail.com	9252759248	Bangalore	KA	India	12/31/2024	Inactive
1097	Amit	Gupta	amit1097@gmail.com	9552651825	Hyderabad	TS	India	5/9/2024	Active
1098	Rahul	Kumar	rahul1098@gmail.com	9731084077	Hyderabad	TS	India	10/20/2024	Active
1099	Karan	Singh	karan1099@gmail.com	9414609417	Delhi	DL	India	9/24/2024	Inactive
1100	Pooja	Verma	pooja1100@gmail.com	9821529094	Bangalore	KA	India	2/3/2024	Inactive
